Name,World,Type,Etat,SubEtat,Flag,DES,ETA,OffsetBX,OffsetBY,OffsetHY,FollowSprite,HitPoints,UnkGroup,HitSprite,FollowEnabled,LabelOffsets,Commands
,Jungle,0,0,0,,13,12,80,97,30,3,2,4,2,0,14_14_14_14_14_14_63_63_63_63_63_63_63_14,11_0_17_4_2_28_0_8_0_5_7_19_1_11_2_0_100_17_3_2_26_1_17_4_2_26_2_17_4_4_26_3_17_4_5_26_4_2_1_8_0_5_0_19_1_0_100_24_5_11_1_17_4_2_28_6_8_0_5_7_19_1_11_3_1_100_17_3_2_26_7_17_4_2_26_8_17_4_4_26_9_17_4_5_26_10_2_1_8_0_5_0_19_1_1_100_24_11_11_7_30_40_24_12_11_8_30_40_24_13_33_255
,Jungle,1,0,1,,16,15,80,0,18,0,0,4,0,32,,2_254_33_255
,Music,1,0,1,,13,12,64,0,12,0,0,4,0,32,,2_254_33_255
,Mountain,1,0,1,,12,11,64,0,12,0,0,5,0,32,,2_254_33_255
,Cave,1,0,1,,15,14,64,0,12,0,0,4,0,32,,2_254_33_255
,Cake,1,0,1,,15,14,64,0,12,0,0,4,0,32,,2_254_33_255
,Jungle,1,0,5,,16,15,80,0,10,7,1,4,7,32,,2_254_33_255
,Jungle,1,0,6,,16,15,80,80,10,7,0,4,0,32,,2_254_33_255
,Image,1,0,11,,11,8,80,80,4,0,0,4,0,32,,30_250_33_255
,Image,1,0,14,,11,8,90,64,10,0,1,4,254,32,,30_250_33_255
,All,2,6,0,,2,1,80,32,0,0,1,7,254,0,,2_254_33_255
,All,2,6,1,,2,1,80,32,0,0,2,7,254,0,,2_254_33_255
,Jungle,3,2,1,,12,9,16,62,44,0,0,7,0,0,1_1_51,11_1_8_1_5_0_19_5_8_0_5_0_19_2_8_1_5_0_19_4_8_0_5_1_19_1_8_1_5_0_19_6_8_0_5_2_19_2_24_0_11_0_8_0_5_4_19_1_24_1_11_2_30_200_24_2_33_255
,Music,3,2,1,,11,8,16,62,44,0,0,7,0,0,1_1_51,11_1_8_1_5_0_19_5_8_0_5_0_19_2_8_1_5_0_19_4_8_0_5_1_19_1_8_1_5_0_19_6_8_0_5_2_19_2_24_0_11_0_8_0_5_4_19_1_24_1_11_2_30_200_24_2_33_255
,Mountain,3,2,1,,11,8,16,62,44,0,0,7,0,0,1_1_51,11_1_8_1_5_0_19_5_8_0_5_0_19_2_8_1_5_0_19_4_8_0_5_1_19_1_8_1_5_0_19_6_8_0_5_2_19_2_24_0_11_0_8_0_5_4_19_1_24_1_11_2_30_200_24_2_33_255
,Image,3,2,1,,12,9,16,62,44,0,0,7,0,0,1_1_51,11_1_8_1_5_0_19_5_8_0_5_0_19_2_8_1_5_0_19_4_8_0_5_1_19_1_8_1_5_0_19_6_8_0_5_2_19_2_24_0_11_0_8_0_5_4_19_1_24_1_11_2_30_200_24_2_33_255
,Cave,3,2,1,,14,11,16,62,44,0,0,7,0,0,1_1_51,11_1_8_1_5_0_19_5_8_0_5_0_19_2_8_1_5_0_19_4_8_0_5_1_19_1_8_1_5_0_19_6_8_0_5_2_19_2_24_0_11_0_8_0_5_4_19_1_24_1_11_2_30_200_24_2_33_255
,Cake,3,2,1,,12,9,16,62,44,0,0,7,0,0,1_1_51,11_1_8_1_5_0_19_5_8_0_5_0_19_2_8_1_5_0_19_4_8_0_5_1_19_1_8_1_5_0_19_6_8_0_5_2_19_2_24_0_11_0_8_0_5_4_19_1_24_1_11_2_30_200_24_2_33_255
,Jungle,4,0,0,,16,15,80,0,0,0,0,4,0,0,,2_254_33_255
,Mountain,4,0,0,,19,15,18,32,0,0,0,5,0,0,,2_200_33_255
,Jungle,4,0,3,,16,15,80,0,0,0,0,4,0,0,,2_254_33_255
,Jungle,4,0,4,,16,15,80,0,0,0,0,4,0,0,,2_254_33_255
,Jungle,4,0,31,,16,15,80,0,0,0,0,4,0,0,,2_254_33_255
,Jungle,4,0,32,,16,15,80,0,0,0,0,4,0,0,,2_254_33_255
,Jungle,4,0,33,,16,15,80,0,0,0,0,4,0,0,,2_254_33_255
,Jungle,4,0,34,,16,15,80,0,0,0,0,4,0,0,,2_254_33_255
,Jungle,4,0,35,,16,15,80,0,0,0,0,4,0,0,,2_254_33_255
,Jungle,4,0,36,,16,15,80,0,0,0,0,4,0,0,,2_254_33_255
,Jungle,4,0,37,,16,15,80,0,0,0,0,4,0,0,,2_254_33_255
,All,4,0,56,,4,2,0,0,0,0,0,4,0,0,,
,All,4,0,57,,4,2,0,0,0,0,0,4,0,0,,
,All,4,0,58,,4,2,0,0,0,0,0,4,0,0,,
,All,4,0,59,,4,2,0,0,0,0,0,4,0,0,,
,Image,6,0,13,,11,8,90,64,48,2,1,4,254,0,,30_250_33_255
,Image,6,2,0,,11,8,90,64,48,2,1,4,254,0,,30_250_33_255
,Jungle,7,0,7,,16,15,80,20,0,0,0,4,254,0,,2_254_33_255
,Jungle,8,0,12,,16,15,20,30,9,0,1,4,254,32,,2_254_33_255
,Jungle,9,0,0,,13,13,80,95,50,3,2,4,254,0,17_39_17_59_81_59,11_0_8_0_5_7_19_1_23_0_11_5_8_1_5_13_11_2_0_100_2_1_8_0_5_0_19_1_0_100_23_1_11_4_8_0_5_14_19_1_24_2_11_1_8_0_5_7_19_1_23_3_11_6_8_1_5_13_11_3_1_100_2_1_8_0_5_0_19_1_1_100_23_4_11_4_8_0_5_14_19_1_24_5_33_255
,Jungle,10,0,0,,17,16,80,80,0,0,1,4,255,0,,11_1_3_120_33_255
,All,11,5,0,,2,1,24,32,0,0,0,7,0,0,,2_200_33_255
,All,11,5,0,,2,1,24,32,0,0,0,7,0,0,,30_200_33_255
,Jungle,12,0,0,,9,5,80,95,32,3,3,4,254,0,,2_254_33_255
,Music,12,0,0,,9,5,80,95,32,3,3,4,254,0,,2_254_33_255
,Cave,12,0,0,,10,6,80,95,32,3,3,4,254,0,,2_254_33_255
,Cake,12,0,0,,10,6,80,95,32,3,3,4,254,0,,2_254_33_255
,Jungle,13,2,2,,9,6,80,64,50,0,0,7,254,0,11_27,11_1_8_2_5_2_0_20_5_11_11_2_0_10_24_0_11_3_8_2_5_2_1_20_5_11_11_4_1_10_24_1_33_255
,Music,13,2,2,,9,6,80,64,50,0,0,7,254,0,11_27,11_1_8_2_5_2_0_20_5_11_11_2_0_10_24_0_11_3_8_2_5_2_1_20_5_11_11_4_1_10_24_1_33_255
,Cave,13,2,2,,10,7,80,64,50,0,0,7,254,0,11_27,11_1_8_2_5_2_0_20_5_11_11_2_0_10_24_0_11_3_8_2_5_2_1_20_5_11_11_4_1_10_24_1_33_255
,Cake,13,2,2,,10,7,80,64,50,0,0,7,254,0,11_27,11_1_8_2_5_2_0_20_5_11_11_2_0_10_24_0_11_3_8_2_5_2_1_20_5_11_11_4_1_10_24_1_33_255
,Music,16,0,1,,13,12,64,0,12,0,0,4,0,32,13,2_200_23_0_11_0_2_15_8_2_5_0_2_254_33_255
,Mountain,16,0,1,,12,11,64,0,12,0,0,5,0,32,13,2_200_23_0_11_0_2_15_8_2_5_0_2_254_33_255
,Cave,16,0,1,,15,14,64,0,12,0,0,4,0,32,13,2_200_23_0_11_0_2_15_8_2_5_0_2_254_33_255
,Cake,16,0,1,,15,14,64,0,12,0,0,4,0,32,13,2_200_23_0_11_0_2_15_8_2_5_0_2_254_33_255
,Cave,16,0,4,,25,9,64,0,7,0,0,4,0,32,13,2_200_23_0_11_0_2_15_8_2_5_0_2_254_33_255
,Jungle,16,0,40,,16,15,40,50,18,0,0,4,0,32,13,2_200_23_0_11_0_2_15_8_2_5_0_2_254_33_255
,Music,17,0,1,,13,12,64,0,12,0,0,4,0,32,13,2_200_23_0_11_0_2_15_8_2_5_1_2_254_33_255
,Mountain,17,0,1,,12,11,64,0,12,0,0,5,0,32,13,2_200_23_0_11_0_2_15_8_2_5_1_2_254_33_255
,Cake,17,0,1,,15,14,64,0,12,0,0,5,0,32,13,2_200_23_0_11_0_2_15_8_2_5_1_2_254_33_255
,Cave,17,0,8,,25,9,64,0,7,0,0,4,0,32,13,2_200_23_0_11_0_2_15_8_2_5_1_2_254_33_255
,Jungle,17,0,40,,16,15,80,50,18,0,0,4,0,32,13,2_200_23_0_11_0_2_15_8_2_5_1_2_254_33_255
,Jungle,19,0,0,,19,18,40,42,0,0,0,7,0,0,,2_200_33_255
,Music,19,0,0,,27,23,40,42,0,0,0,7,0,0,,2_200_33_255
,Cave,19,0,0,,31,29,40,42,0,0,0,7,0,0,,2_200_33_255
,Cake,19,0,0,,24,21,40,42,0,0,0,7,0,0,,2_200_33_255
,All,21,7,0,,2,1,80,0,0,0,0,4,0,0,9,2_254_23_0_11_0_5_1_19_1_33_255
,All,21,7,0,,2,1,80,0,0,0,0,3,0,0,9,2_254_23_0_11_0_5_1_19_1_33_255
,Music,22,0,10,,13,12,64,0,12,0,0,4,0,32,1_9,11_99_20_1_0_254_23_0_11_99_20_1_0_2_23_1_33_255
,Music,22,0,10,,13,12,64,0,12,0,0,4,0,32,1_9,11_99_20_1_2_0_23_0_11_99_20_1_254_0_23_1_33_255
,Mountain,22,0,10,,12,11,64,0,12,0,0,5,0,32,1_9,11_99_20_1_0_254_23_0_11_99_20_1_0_2_23_1_33_255
,Mountain,22,0,10,,12,11,64,0,12,0,0,5,0,32,1_9,11_99_20_1_2_0_23_0_11_99_20_1_254_0_23_1_33_255
,Image,22,0,10,,11,8,80,80,4,0,0,5,0,32,1_9,11_99_20_1_0_254_23_0_11_99_20_1_0_2_23_1_33_255
,Image,22,0,10,,11,8,80,80,4,0,0,5,0,32,1_9,11_99_20_1_255_1_23_0_11_99_20_1_1_255_23_1_33_255
,Image,22,0,10,,11,8,80,80,4,0,0,5,0,32,1_9,11_99_20_1_2_0_23_0_11_99_20_1_254_0_23_1_33_255
,Cave,22,0,10,,15,14,64,0,12,0,0,4,0,32,1_9,11_99_20_1_0_254_23_0_11_99_20_1_0_2_23_1_33_255
,Cave,22,0,10,,15,14,64,0,12,0,0,4,0,32,1_9,11_99_20_1_2_0_23_0_11_99_20_1_254_0_23_1_33_255
,Cake,22,0,10,,15,14,64,0,12,0,0,5,0,32,1_9,11_99_20_1_0_254_23_0_11_99_20_1_0_2_23_1_33_255
,Jungle,22,0,16,,16,15,40,0,18,0,0,4,0,32,1_9,11_99_20_1_2_0_23_0_11_99_20_1_254_0_23_1_33_255
,Jungle,22,0,16,,16,15,40,0,18,0,0,4,0,32,1_9,11_99_20_1_0_254_23_0_11_99_20_1_0_2_23_1_33_255
,Music,25,0,22,,13,12,64,0,12,0,0,5,0,32,,2_254_33_255
,Mountain,25,0,22,,12,11,64,0,12,0,0,5,0,32,,2_254_33_255
,Cave,25,0,22,,15,14,64,0,12,0,0,5,0,32,,2_254_33_255
,Cake,25,0,22,,15,14,64,0,12,0,0,5,0,32,,2_254_33_255
,Jungle,26,0,21,,16,15,40,0,18,0,0,4,0,32,,2_254_33_255
,Music,26,0,21,,13,12,64,0,12,0,0,4,0,32,,2_254_33_255
,Mountain,26,0,21,,12,11,64,0,12,0,0,4,0,32,,2_254_33_255
,Cave,26,0,21,,15,14,64,0,12,0,0,4,0,32,,2_254_33_255
,Cake,26,0,21,,15,14,64,0,12,0,0,4,0,32,,2_254_33_255
,Jungle,27,0,24,,16,15,40,0,18,0,0,4,0,32,,2_254_33_255
,Music,27,0,24,,13,12,64,0,12,0,0,5,0,32,,2_254_33_255
,Mountain,27,0,24,,12,11,64,0,12,0,0,5,0,32,,2_254_33_255
,Cave,27,0,24,,15,14,64,0,12,0,0,4,0,32,,2_254_33_255
,Cake,27,0,24,,15,14,64,0,12,0,0,5,0,32,,2_254_33_255
,Music,28,0,20,,13,12,64,0,12,0,0,5,0,32,,2_254_33_255
,Mountain,28,0,20,,12,11,64,0,12,0,0,5,0,32,,2_254_33_255
,Cave,28,0,20,,15,14,64,0,12,0,0,4,0,32,,2_254_33_255
,Cake,28,0,20,,15,14,64,0,12,0,0,5,0,32,,2_254_33_255
,Jungle,29,0,23,,16,15,40,0,18,0,0,4,0,32,,2_254_33_255
,Music,29,0,23,,13,12,64,0,12,0,0,5,0,32,,2_254_33_255
,Mountain,29,0,23,,12,11,64,0,12,0,0,5,0,32,,2_254_33_255
,Cave,29,0,23,,15,14,64,0,12,0,0,4,0,32,,2_254_33_255
,Cake,29,0,23,,15,14,64,0,12,0,0,5,0,32,,2_254_33_255
,All,31,5,19,,4,2,80,64,32,0,200,7,0,0,,2_254_33_255
,All,31,5,19,,4,2,80,64,32,0,200,7,0,0,,30_254_33_255
,Jungle,34,0,27,,16,15,40,0,18,0,0,4,0,32,1_9,11_99_20_1_2_0_23_0_11_99_20_1_254_0_23_1_33_255
,Mountain,35,0,0,,13,12,80,127,0,3,5,4,254,0,80_9_80_27_9_27_97_97_92_9_27,11_4_8_0_5_7_19_1_11_2_0_200_25_0_19_1_24_1_11_5_8_0_5_7_19_1_11_3_1_200_25_2_19_1_24_3_11_0_8_0_5_3_19_1_8_0_5_4_19_1_17_2_0_26_4_24_5_11_1_8_0_5_1_19_1_17_70_27_6_11_7_8_0_5_2_19_1_24_7_11_9_8_0_17_1_1_26_8_5_0_14_11_6_5_8_14_11_8_17_0_0_26_9_24_10_33_255
,Mountain,36,2,2,,13,12,80,96,80,3,2,7,255,0,1_7,11_0_0_100_23_0_11_1_1_100_23_1_33_255
,Jungle,38,0,5,,21,20,20,34,20,0,0,7,0,0,,2_200_33_255
,Jungle,39,0,38,,16,15,40,118,18,0,1,7,254,32,,2_200_33_255
,Mountain,40,0,0,,14,13,80,96,64,3,2,4,254,0,1_13_46_40_46_46_40_1_13_40,11_0_0_200_8_0_5_0_19_3_24_0_11_1_1_200_8_0_5_0_19_3_24_1_11_2_8_2_5_0_20_1_0_252_17_0_0_26_2_11_7_1_200_24_3_11_6_0_200_24_4_11_8_20_1_0_0_8_0_5_0_19_1_8_2_11_9_5_0_20_1_0_250_17_0_0_26_5_24_6_11_4_8_0_5_1_19_1_8_0_5_0_19_1_11_3_17_0_0_26_7_24_8_11_5_8_2_5_1_20_1_0_254_17_0_0_26_9_33_255
,Cave,40,0,0,,18,17,80,96,64,3,2,4,254,0,1_13_46_40_46_46_40_1_13_40,11_0_0_200_8_0_5_0_19_3_24_0_11_1_1_200_8_0_5_0_19_3_24_1_11_2_8_2_5_0_20_1_0_252_17_0_0_26_2_11_7_1_200_24_3_11_6_0_200_24_4_11_8_20_1_0_0_8_0_5_0_19_1_8_2_11_9_5_0_20_1_0_250_17_0_0_26_5_24_6_11_4_8_0_5_1_19_1_8_0_5_0_19_1_11_3_17_0_0_26_7_24_8_11_5_8_2_5_1_20_1_0_254_17_0_0_26_9_33_255
,Jungle,41,0,0,,10,7,18,32,0,0,1,4,254,0,,2_254_33_255
,Music,41,0,0,,10,7,18,32,0,0,1,4,254,0,,2_254_33_255
,Music,41,0,0,,25,7,18,32,0,0,0,4,254,0,,2_254_33_255
,Mountain,41,0,0,,21,18,18,32,0,0,0,4,254,0,,2_254_33_255
,Mountain,41,0,0,,22,18,18,32,0,0,1,4,254,0,,2_254_33_255
,Cave,41,0,0,,12,9,18,32,0,0,1,4,254,0,,2_254_33_255
,Cave,41,0,0,,25,9,18,32,0,0,0,4,254,0,,2_254_33_255
,Cake,41,0,0,,23,20,18,32,0,0,1,4,254,0,,2_254_33_255
,Cake,41,0,0,,36,20,18,32,0,0,0,4,254,0,,2_254_33_255
,Jungle,42,0,1,,12,10,80,96,50,0,0,4,255,0,,2_254_33_255
,Music,42,0,1,,11,9,80,96,50,0,0,4,255,0,,2_254_33_255
,Mountain,42,0,1,,11,9,80,96,50,0,0,4,255,0,,2_254_33_255
,Image,42,0,1,,12,10,80,96,50,0,0,4,255,0,,2_254_33_255
,Cave,42,0,1,,14,12,80,96,50,0,0,4,255,0,,2_254_33_255
,Cake,42,0,1,,12,10,80,96,50,0,0,4,255,0,,2_254_33_255
,Jungle,42,0,2,,12,10,80,96,50,0,0,4,255,0,,2_254_33_255
,Music,42,0,2,,11,9,80,96,50,0,0,4,255,0,,2_254_33_255
,Mountain,42,0,2,,11,9,80,96,50,0,0,4,255,0,,2_254_33_255
,Image,42,0,2,,12,10,80,96,50,0,0,4,255,0,,2_254_33_255
,Cave,42,0,2,,14,12,80,96,50,0,0,4,255,0,,2_254_33_255
,Cake,42,0,2,,12,10,80,96,50,0,0,4,255,0,,2_254_33_255
,Mountain,43,0,0,,13,12,80,127,0,3,5,4,254,0,82_9_82_27_9_27_99_99_94_9_27,11_4_8_0_5_7_19_1_11_2_0_200_25_0_19_1_24_1_11_5_8_0_5_7_19_1_11_3_1_200_25_2_19_1_24_3_11_0_8_0_5_3_19_1_8_0_5_4_19_1_17_2_0_26_4_24_5_11_1_8_0_5_1_19_1_17_70_27_6_11_7_8_0_5_5_19_1_19_1_24_7_11_9_8_0_17_1_1_26_8_5_0_14_11_6_5_8_14_11_8_17_0_0_26_9_24_10_33_255
,Mountain,44,2,3,,11,8,24,14,0,3,0,7,254,0,1_7,11_0_0_100_23_0_11_1_1_100_23_1_33_255
,Cake,44,2,3,,12,9,24,14,0,3,0,7,254,0,1_7,11_0_0_100_23_0_11_1_1_100_23_1_33_255
,Mountain,45,0,0,,21,18,18,32,0,0,0,4,254,0,1_9,11_99_20_1_0_254_23_0_11_99_20_1_0_2_23_1_33_255
,Cave,45,0,0,,25,9,18,32,0,0,0,4,254,0,1_9,11_99_20_1_0_254_23_0_11_99_20_1_0_2_23_1_33_255
,Cave,45,0,0,,25,9,18,32,0,0,0,4,254,0,1_9,11_99_20_1_2_0_23_0_11_99_20_1_254_0_23_1_33_255
,Cave,45,0,0,,25,9,18,32,0,0,0,4,254,0,1_9_17_25,11_99_20_1_254_0_23_0_11_99_20_1_0_2_23_1_11_99_20_1_2_0_23_2_11_99_20_1_0_254_23_3_33_255
,Mountain,47,2,2,,13,12,80,96,80,3,2,4,255,0,,2_254_33_255
,Cave,47,2,2,,44,15,80,96,80,3,2,4,255,0,,2_254_33_255
,Mountain,48,0,3,,18,14,80,50,18,0,200,1,0,0,,2_250_33_255
,Mountain,49,0,0,,16,14,128,200,20,0,200,4,0,32,47_9_17_25_33_41,2_10_23_0_11_0_5_1_11_99_20_1_0_1_23_1_11_99_20_1_0_2_23_2_11_99_20_1_0_3_23_3_11_99_20_1_0_4_23_4_11_99_20_1_0_5_23_5_33_255
,Mountain,49,0,0,,16,14,128,200,20,0,200,4,0,32,71_9_17_25_33_41_49_57_65,2_10_23_0_11_0_5_1_11_99_20_1_1_1_23_1_11_99_20_1_0_1_23_2_11_99_20_1_255_1_23_3_11_99_20_1_0_2_23_4_11_99_20_1_0_3_23_5_11_99_20_1_0_4_23_6_11_99_20_1_0_5_23_7_11_99_20_1_0_6_23_8_33_255
,Mountain,49,0,0,,16,14,128,200,20,0,200,4,0,32,71_9_17_25_33_41_49_57_65,2_10_23_0_11_0_5_1_11_99_20_1_255_1_23_1_11_99_20_1_0_1_23_2_11_99_20_1_1_1_23_3_11_99_20_1_0_2_23_4_11_99_20_1_0_3_23_5_11_99_20_1_0_4_23_6_11_99_20_1_0_5_23_7_11_99_20_1_0_6_23_8_33_255
,Jungle,53,0,0,,28,26,20,32,8,0,1,4,254,0,22,30_200_23_0_11_0_5_1_9_10_20_1_246_0_20_1_10_0_10_8_2_5_0_33_255
,Mountain,57,0,4,,16,14,28,18,2,0,10,4,254,0,53_47,2_100_23_0_11_99_5_5_20_2_0_255_20_2_0_1_20_2_0_255_20_2_0_1_20_2_0_255_20_2_0_1_20_2_0_255_20_2_0_1_20_2_0_255_20_2_0_1_20_1_254_0_23_1_33_255
,Mountain,57,0,4,,16,14,28,18,1,0,10,4,254,0,1_49,1_1_2_100_23_0_11_99_5_5_20_2_0_255_20_2_0_1_20_2_0_255_20_2_0_1_20_2_0_255_20_2_0_1_20_2_0_255_20_2_0_1_20_2_0_255_20_2_0_1_20_1_2_0_23_1_33_255
,Cave,57,0,4,,35,5,28,18,0,0,10,4,254,0,53_47,2_100_23_0_11_99_5_5_20_2_0_255_20_2_0_1_20_2_0_255_20_2_0_1_20_2_0_255_20_2_0_1_20_2_0_255_20_2_0_1_20_2_0_255_20_2_0_1_20_1_254_0_23_1_33_255
,Cave,57,0,4,,35,5,28,18,0,0,10,4,254,0,1_49,1_1_2_100_23_0_11_99_5_5_20_2_0_255_20_2_0_1_20_2_0_255_20_2_0_1_20_2_0_255_20_2_0_1_20_2_0_255_20_2_0_1_20_2_0_255_20_2_0_1_20_1_2_0_23_1_33_255
,Mountain,57,0,7,,16,14,28,18,0,0,10,4,254,0,,20_1_0_255_33_255
,Cave,57,0,7,,35,5,28,18,0,0,10,4,254,0,,20_1_0_255_33_255
,Mountain,57,0,8,,16,14,28,18,0,0,10,4,254,0,,20_1_0_255_33_255
,Cave,57,0,8,,35,5,28,18,0,0,10,4,254,0,,20_1_0_255_33_255
,Cake,60,0,0,,13,12,80,96,0,0,8,4,254,0,9_29_73_73_73_9_29,11_0_8_0_5_7_19_1_11_2_0_200_8_0_5_0_19_1_24_0_11_1_8_0_5_7_19_1_11_3_1_200_8_0_5_0_19_1_24_1_11_4_8_2_5_1_20_1_0_254_24_2_11_5_8_0_5_2_20_1_0_0_24_3_11_6_8_1_5_21_24_4_11_7_17_0_0_26_5_24_6_33_255
,Cake,61,0,0,,14,13,80,96,0,0,4,4,255,0,9_31_83_83_83_9_31,11_0_8_0_5_7_19_1_11_2_0_200_2_1_8_0_5_0_19_1_24_0_11_1_8_0_5_7_19_1_11_3_1_200_2_1_8_0_5_0_19_1_24_1_11_4_8_2_5_1_20_1_0_254_24_2_11_5_8_0_5_2_20_1_0_0_24_3_11_6_8_0_5_22_19_1_8_1_5_0_24_4_11_7_17_0_0_26_5_24_6_33_255
,Cake,62,2,0,,28,24,64,80,64,0,0,7,254,0,1_7,11_0_0_100_23_0_11_1_1_100_23_1_33_255
,Music,63,0,1,,13,12,64,0,12,0,0,4,0,32,23_9_17,2_10_23_0_11_0_5_10_11_99_20_1_32_0_23_1_11_99_20_1_0_0_23_2_33_255
,Music,63,0,1,,13,12,64,0,12,0,0,4,0,32,23_9_17,2_10_23_0_11_0_5_10_11_99_20_1_0_224_23_1_11_99_20_1_0_0_23_2_33_255
,Music,63,0,1,,13,12,64,0,12,0,0,4,0,32,23_9_17,2_10_23_0_11_0_5_10_11_99_20_1_0_32_23_1_11_99_20_1_0_0_23_2_33_255
,Music,63,0,1,,13,12,64,0,12,0,0,4,0,32,23_9_17,2_10_23_0_11_0_5_10_11_99_20_1_224_0_23_1_11_99_20_1_0_0_23_2_33_255
,Music,63,0,1,,13,12,64,0,12,0,0,4,0,32,23_9_17,2_10_23_0_11_0_5_10_11_99_20_1_32_0_23_1_11_99_20_1_224_0_23_2_33_255
,Music,63,0,1,,13,12,64,0,12,0,0,4,0,32,23_9_17,2_10_23_0_11_0_5_10_11_99_20_1_224_0_23_1_11_99_20_1_32_0_23_2_33_255
,Mountain,63,0,1,,12,11,64,0,6,0,0,4,0,32,165_7_15_23_31_39_47_55_63_71_79_87_95_103_111_119_127_135_143_151_159,2_10_23_0_11_0_5_10_20_1_16_0_23_1_11_99_20_1_32_0_23_2_11_99_20_1_16_248_23_3_11_99_20_1_16_240_23_4_11_99_20_1_0_240_23_5_11_99_20_1_240_240_23_6_11_99_20_1_240_224_23_7_11_99_20_1_0_224_23_8_11_99_20_1_16_224_23_9_11_99_20_1_16_240_23_10_11_99_20_1_32_240_23_11_11_99_20_1_32_0_23_12_11_99_20_1_32_16_23_13_11_99_20_1_16_16_23_14_11_99_20_1_16_0_23_15_11_99_20_1_32_240_23_16_11_99_20_1_32_0_23_17_11_99_20_1_8_0_23_18_11_99_20_1_16_0_23_19_11_99_20_1_32_16_23_20_33_255
,Mountain,63,0,1,,12,11,64,0,6,0,0,4,0,32,71_9_17_25_33_41_49_57_65,2_10_23_0_11_0_5_10_11_99_20_1_16_0_23_1_11_99_20_1_16_240_23_2_11_99_20_1_0_240_23_3_11_99_20_1_240_240_23_4_11_99_20_1_240_0_23_5_11_99_20_1_240_16_23_6_11_99_20_1_0_16_23_7_11_99_20_1_16_16_23_8_33_255
,Mountain,63,0,1,,12,11,64,0,12,0,0,4,0,32,23_9_17,2_10_23_0_11_0_5_10_11_99_20_1_0_224_23_1_11_99_20_1_0_0_23_2_33_255
,Mountain,63,0,1,,12,11,64,0,6,0,0,4,0,32,71_9_17_25_33_41_49_57_65,2_10_23_0_11_0_5_10_11_99_20_1_16_0_23_1_11_99_20_1_16_240_23_2_11_99_20_1_0_240_23_3_11_99_20_1_240_240_23_4_11_99_20_1_240_0_23_5_11_99_20_1_240_240_23_6_11_99_20_1_0_240_23_7_11_99_20_1_16_240_23_8_33_255
,Mountain,63,0,1,,12,11,64,0,12,0,0,4,0,32,23_9_17,2_10_23_0_11_0_5_10_11_99_20_1_224_0_23_1_11_99_20_1_0_0_23_2_33_255
,Mountain,63,0,1,,12,11,64,0,12,0,0,4,0,32,23_9_17,2_10_23_0_11_0_5_10_11_99_20_1_0_32_23_1_11_99_20_1_0_0_23_2_33_255
,Mountain,63,0,1,,12,11,64,0,12,0,0,4,0,32,23_9_17,2_10_23_0_11_0_5_10_11_99_20_1_32_0_23_1_11_99_20_1_0_0_23_2_33_255
,Mountain,63,0,1,,12,11,64,0,12,0,0,5,0,32,23_9_17,2_10_23_0_11_0_5_10_11_99_20_1_32_0_23_1_11_99_20_1_224_0_23_2_33_255
,Image,63,0,1,,14,13,64,0,12,0,0,4,0,32,23_9_17,2_10_23_0_11_0_5_10_11_99_20_1_0_32_23_1_11_99_20_1_0_0_23_2_33_255
,Cave,63,0,1,,15,14,64,0,12,0,0,4,0,32,23_9_17,2_10_23_0_11_0_5_10_11_99_20_1_0_224_23_1_11_99_20_1_0_0_23_2_33_255
,Cave,63,0,1,,15,14,64,0,12,0,0,4,0,32,23_9_17,2_10_23_0_11_0_5_10_11_99_20_1_0_32_23_1_11_99_20_1_0_0_23_2_33_255
,Cave,63,0,1,,15,14,64,0,12,0,0,4,0,32,23_9_17,2_10_23_0_11_0_5_10_11_99_20_1_32_0_23_1_11_99_20_1_0_0_23_2_33_255
,Cave,63,0,1,,15,14,64,0,12,0,0,4,0,32,23_9_17,2_10_23_0_11_0_5_10_11_99_20_1_32_0_23_1_11_99_20_1_224_0_23_2_33_255
,Cave,63,0,1,,15,14,64,0,12,0,0,4,0,32,23_9_17,2_10_23_0_11_0_5_10_11_99_20_1_224_0_23_1_11_99_20_1_32_0_23_2_33_255
,Cake,63,0,1,,15,14,64,0,12,0,0,4,0,32,23_9_17,2_10_23_0_11_0_5_10_11_99_20_1_0_224_23_1_11_99_20_1_0_0_23_2_33_255
,Cake,63,0,1,,15,14,64,0,12,0,0,4,0,32,23_9_17,2_10_23_0_11_0_5_10_11_99_20_1_0_32_23_1_11_99_20_1_0_0_23_2_33_255
,Cake,63,0,1,,15,14,64,0,12,0,0,4,0,32,23_9_17,2_10_23_0_11_0_5_10_11_99_20_1_32_0_23_1_11_99_20_1_0_0_23_2_33_255
,Cake,63,0,1,,15,14,64,0,12,0,0,4,0,32,23_9_17,2_10_23_0_11_0_5_10_11_99_20_1_224_0_23_1_11_99_20_1_0_0_23_2_33_255
,Cake,63,0,1,,15,14,64,0,6,0,0,4,0,32,71_9_17_25_33_41_49_57_65,2_10_23_0_11_0_5_10_11_99_20_1_16_0_23_1_11_99_20_1_16_240_23_2_11_99_20_1_0_240_23_3_11_99_20_1_240_240_23_4_11_99_20_1_240_0_23_5_11_99_20_1_240_16_23_6_11_99_20_1_0_16_23_7_11_99_20_1_16_16_23_8_33_255
,Image,63,0,11,,11,8,80,80,4,0,0,5,0,32,23_9_17,2_10_23_0_11_0_5_10_11_99_20_1_0_224_23_1_11_99_20_1_0_32_23_2_33_255
,Image,63,0,11,,11,8,80,80,4,0,0,5,0,32,23_9_17,2_10_23_0_11_0_5_10_11_99_20_1_224_0_23_1_11_99_20_1_32_0_23_2_33_255
,Image,63,0,11,,11,8,80,80,4,0,0,5,0,32,23_9_17,2_10_23_0_11_0_5_10_11_99_20_1_0_32_23_1_11_99_20_1_0_224_23_2_33_255
,Jungle,63,0,16,,16,15,40,0,18,0,0,4,0,32,23_9_23,2_10_23_0_11_0_5_10_11_99_20_1_32_0_23_1_11_99_20_1_0_0_23_2_33_255
,Jungle,63,0,16,,16,15,40,0,18,0,0,4,0,32,23_9_23,2_10_23_0_11_0_5_10_11_99_20_1_224_0_23_1_11_99_20_1_0_0_23_2_33_255
,Jungle,63,0,16,,16,15,40,0,18,0,0,4,0,32,23_9_23,2_10_23_0_11_0_5_10_11_99_20_1_0_224_23_1_11_99_20_1_0_0_23_2_33_255
,Jungle,63,0,16,,16,15,40,0,18,0,0,4,0,32,23_9_17,2_10_23_0_11_0_5_10_11_99_20_1_32_0_23_1_11_99_20_1_224_0_23_2_33_255
,Jungle,63,0,16,,16,15,40,0,18,0,0,4,0,32,23_9_17,2_10_23_0_11_0_5_10_11_99_20_1_224_0_23_1_11_99_20_1_32_0_23_2_33_255
,Jungle,63,0,16,,16,15,40,0,18,0,0,4,0,32,23_9_23,2_10_23_0_11_0_5_10_11_99_20_1_0_32_23_1_11_99_20_1_0_0_23_2_33_255
,Jungle,64,0,2,,12,10,80,96,50,0,3,4,0,0,,2_254_33_255
,Mountain,65,1,0,,20,17,80,96,48,0,4,4,2,0,77_9_77_27_97,11_0_8_0_5_1_19_1_11_1_0_200_25_0_19_1_24_1_11_2_8_0_5_1_19_1_11_3_1_200_25_2_19_1_24_3_11_5_8_0_5_5_19_1_5_2_19_1_5_3_19_1_5_4_19_1_14_11_6_2_1_8_0_5_2_19_1_5_3_19_1_5_4_19_1_14_11_4_8_0_5_0_14_11_7_8_0_5_6_19_1_19_1_19_1_14_11_8_2_254_24_4_33_255
,Mountain,66,0,9,,20,17,64,80,16,0,0,7,0,0,1_7,11_0_0_100_23_0_11_1_1_100_23_1_33_255
,Jungle,67,0,2,,16,15,0,0,25,8,0,4,0,32,,2_254_33_255
,Mountain,69,2,2,,13,12,80,96,80,3,2,4,255,0,,2_254_33_255
,Cave,69,2,2,,44,15,80,96,80,3,2,4,255,0,,2_254_33_255
,Music,70,0,0,,12,11,80,92,48,0,2,4,254,0,9_23,11_8_11_2_11_3_8_0_5_0_19_4_23_0_11_4_8_2_5_1_20_1_0_253_30_200_23_1_11_5_8_0_5_2_19_1_19_1_11_6_8_0_5_5_19_1_33_255
,Music,70,0,0,,12,11,80,92,48,0,2,4,254,0,11_25_7,1_1_11_8_11_2_11_3_8_0_5_0_19_4_23_0_11_4_8_2_5_1_20_1_0_253_30_200_23_1_11_5_8_0_5_2_19_1_19_1_11_6_8_0_5_5_19_1_23_2_33_255
,Music,70,0,0,,12,11,80,92,48,0,2,4,254,0,11_25_7,1_1_11_8_11_2_11_3_8_0_5_0_19_4_23_0_11_4_8_2_5_1_20_1_0_253_30_200_23_1_11_5_8_0_5_6_19_1_19_1_11_6_8_0_5_8_19_1_23_2_33_255
,Image,75,0,0,,25,23,112,0,0,0,0,7,0,0,,
,Cake,75,0,0,,29,25,112,0,0,0,0,7,0,0,,
,All,76,10,0,,2,1,0,0,0,0,0,4,254,0,,
,All,76,10,1,,2,1,0,0,0,0,0,4,254,0,,
,All,76,10,2,,2,1,0,0,0,0,0,4,254,0,,
,All,76,10,3,,2,1,0,0,0,0,0,4,254,0,,
,All,76,10,4,,2,1,0,0,0,0,0,4,254,0,,
,Mountain,79,0,9,,17,14,16,16,0,0,0,7,254,0,,0_200_33_255
,Cave,79,0,9,,9,5,16,16,0,0,0,7,254,0,,0_200_33_255
,Mountain,79,0,10,,17,14,16,16,0,0,0,7,254,0,,1_200_33_255
,Cave,79,0,10,,9,5,16,16,0,0,0,7,254,0,,1_200_33_255
,Mountain,79,0,11,,17,14,16,16,0,0,0,7,254,0,,0_200_33_255
,Cave,79,0,11,,9,5,16,16,0,0,0,7,254,0,,0_200_33_255
,Mountain,79,0,12,,17,14,16,16,0,0,0,7,254,0,,1_200_33_255
,Cave,79,0,12,,9,5,16,16,0,0,0,7,254,0,,1_200_33_255
,Mountain,79,0,13,,17,14,16,16,0,0,0,7,254,0,,0_200_33_255
,Cave,79,0,13,,9,5,16,16,0,0,0,7,254,0,,0_200_33_255
,Mountain,79,0,14,,17,14,16,16,0,0,0,7,254,0,,1_200_33_255
,Cave,79,0,14,,9,5,16,16,0,0,0,7,254,0,,1_200_33_255
,All,82,6,2,,4,2,80,64,0,0,2,7,0,0,,2_254_33_255
,Jungle,83,0,0,,11,8,80,96,48,0,0,7,254,0,,2_200_33_255
,Music,83,0,0,,23,20,80,96,48,0,0,7,254,0,,2_200_33_255
,Mountain,83,0,0,,25,20,80,96,48,0,0,7,254,0,,2_200_33_255
,Image,83,0,0,,15,14,80,96,48,0,0,7,254,0,,30_200_33_255
,Cake,83,0,0,,17,16,80,96,48,0,0,7,254,0,,2_200_33_255
,Music,85,0,6,,15,14,80,96,50,0,0,4,0,0,,2_254_33_255
,Music,86,0,4,,15,14,56,128,16,1,0,4,0,32,,2_254_33_255
,Music,86,0,4,,15,14,56,128,16,1,1,4,0,32,27_5_13_21,2_254_23_0_11_99_20_0_0_254_23_1_11_99_20_0_0_254_23_2_11_99_20_0_0_254_23_3_33_255
,Music,87,0,7,,15,14,16,30,4,0,0,4,0,32,13,2_200_23_0_11_0_2_5_8_2_5_0_2_254_33_255
,Music,87,0,9,,15,14,16,32,4,0,0,4,0,32,13,2_200_23_0_11_0_2_5_8_2_5_2_2_254_33_255
,Music,88,0,8,,15,14,16,16,2,0,0,4,0,32,13,2_200_23_0_11_0_2_5_8_2_5_1_2_254_33_255
,Music,90,2,0,,17,15,80,72,12,0,1,7,254,0,,11_1_2_254_33_255
,Music,91,2,1,,17,15,80,80,12,0,1,7,254,0,,11_1_2_254_33_255
,Music,92,2,2,,17,15,80,80,12,0,1,7,254,0,,11_1_2_254_33_255
,Music,93,2,3,,17,15,80,72,12,0,1,7,0,0,,11_1_2_254_33_255
,All,94,5,1,,4,2,60,48,32,0,0,7,254,0,,
,All,95,5,7,,4,2,80,80,48,0,0,7,254,0,,
,All,95,5,14,,4,2,80,80,48,0,0,7,254,0,,
,All,99,0,19,,1,0,80,78,20,0,0,7,0,0,,
,Cave,101,0,5,,25,9,80,0,10,0,1,4,255,0,,2_254_33_255
,Mountain,101,0,6,,21,18,80,80,10,0,0,4,255,0,,2_254_33_255
,Cave,101,0,6,,25,9,80,80,10,0,0,4,255,0,,2_254_33_255
,Music,102,2,5,,17,15,80,80,12,0,1,7,254,0,,11_1_2_254_33_255
,Mountain,105,0,1,,21,18,18,32,5,0,0,4,254,32,,2_254_33_255
,Cave,105,0,1,,25,9,18,32,5,0,0,4,254,32,,2_254_33_255
,Jungle,107,0,3,,10,7,18,32,0,0,1,4,255,0,,2_254_33_255
,Music,107,0,3,,10,7,18,32,0,0,1,4,255,0,,2_254_33_255
,Mountain,107,0,3,,22,18,18,32,0,0,1,4,255,0,,2_254_33_255
,Mountain,107,0,3,,21,18,18,32,0,0,0,4,255,0,,2_254_33_255
,Image,107,0,3,,20,18,18,32,0,0,1,4,255,0,,2_254_33_255
,Cave,107,0,3,,12,9,18,32,0,0,1,4,255,0,,2_254_33_255
,Cave,107,0,3,,25,9,18,32,0,0,0,4,255,0,,2_254_33_255
,Cake,107,0,3,,23,20,18,32,0,0,1,4,255,0,,2_254_33_255
,Mountain,109,0,0,,19,16,80,96,16,2,4,7,254,32,,2_254_33_255
,Mountain,110,2,0,,19,16,80,96,0,0,0,7,0,0,,11_1_2_254_33_255
,Music,113,0,4,,19,17,112,112,3,0,0,4,253,0,,5_4_19_1_5_5_2_30_33_255
,Cake,116,0,0,,16,15,80,96,30,0,2,4,255,0,146_38_64_14_26_14_26_146_146_14_26_146,11_8_17_70_27_0_17_2_0_26_1_24_2_11_0_8_0_5_1_20_25_253_0_24_3_11_1_8_0_5_1_20_25_3_0_24_4_11_3_20_6_1_0_0_1_8_0_5_4_20_4_1_0_20_4_0_0_20_8_255_0_24_5_11_4_20_6_255_0_1_1_8_0_5_4_20_4_255_0_20_4_0_0_20_8_1_0_24_6_11_5_8_0_5_5_20_12_254_0_20_10_255_1_20_8_0_0_8_0_5_3_20_30_1_255_24_7_11_6_8_0_5_5_20_12_2_0_20_10_1_1_20_8_0_0_8_0_5_3_20_30_255_255_24_8_11_2_17_0_0_26_9_24_10_11_7_8_0_5_6_19_1_24_11_33_255
,Cake,117,0,0,,16,15,80,96,30,0,1,4,255,0,10_60_10_60,11_2_17_2_0_26_0_24_1_11_0_0_1_8_0_5_8_20_30_255_0_20_10_255_1_20_10_254_2_20_30_254_1_20_90_254_0_20_30_254_255_20_200_254_254_20_200_254_254_20_200_254_254_20_200_254_254_24_2_11_1_1_1_8_0_5_8_20_30_1_0_20_10_1_1_20_10_2_2_20_30_2_1_20_90_2_0_20_30_2_255_20_200_2_254_20_200_2_254_20_200_254_254_20_200_254_254_24_3_33_255
,Cake,119,2,0,,16,15,80,98,74,0,0,7,254,0,,2_254_33_255
,Mountain,121,2,3,,11,8,24,14,0,3,0,7,254,0,1_7,11_0_0_100_23_0_11_1_1_100_23_1_33_255
,Jungle,123,0,0,,22,21,80,80,48,2,1,4,254,0,1_1_29_35,11_1_30_200_24_0_11_4_8_0_5_2_19_1_20_1_0_254_30_12_8_0_5_3_19_1_24_1_11_2_0_200_24_2_11_3_1_200_24_3_33_255
,Jungle,123,0,0,,23,21,80,80,48,3,2,4,254,0,1_1_21_27,11_1_30_200_24_0_11_4_8_0_5_2_19_1_20_1_0_254_24_1_11_2_0_200_24_2_11_3_1_200_24_3_33_255
,Jungle,123,0,0,,22,21,80,80,48,3,1,4,254,0,1_1_21_27,11_1_30_200_24_0_11_4_8_0_5_2_19_1_20_1_0_254_24_1_11_2_0_200_24_2_11_3_1_200_24_3_33_255
,Jungle,123,0,0,,23,21,80,80,48,2,2,4,254,0,1_1_29_35,11_1_30_200_24_0_11_4_8_0_5_2_19_1_20_1_0_254_30_12_8_0_5_3_19_1_24_1_11_2_0_200_24_2_11_3_1_200_24_3_33_255
,Music,123,0,0,,22,19,80,80,48,2,2,4,254,0,1_1_29_35,11_1_30_200_24_0_11_4_8_0_5_2_19_1_20_1_0_254_30_12_8_0_5_3_19_1_24_1_11_2_0_200_24_2_11_3_1_200_24_3_33_255
,Music,123,0,0,,22,19,80,80,48,3,2,4,254,0,1_1_21_27,11_1_30_200_24_0_11_4_8_0_5_2_19_1_20_1_0_254_24_1_11_2_0_200_24_2_11_3_1_200_24_3_33_255
,Music,123,0,0,,21,19,80,80,48,3,1,4,254,0,1_1_21_27,11_1_30_200_24_0_11_4_8_0_5_2_19_1_20_1_0_254_24_1_11_2_0_200_24_2_11_3_1_200_24_3_33_255
,Music,123,0,0,,21,19,80,80,48,2,1,4,254,0,1_1_29_35,11_1_30_200_24_0_11_4_8_0_5_2_19_1_20_1_0_254_30_12_8_0_5_3_19_1_24_1_11_2_0_200_24_2_11_3_1_200_24_3_33_255
,Mountain,123,0,0,,23,19,80,80,48,2,1,4,254,0,1_1_29_35,11_1_30_200_24_0_11_4_8_0_5_2_19_1_20_1_0_254_30_12_8_0_5_3_19_1_24_1_11_2_0_200_24_2_11_3_1_200_24_3_33_255
,Mountain,123,0,0,,23,19,80,80,48,3,1,4,254,0,1_1_21_27,11_1_30_200_24_0_11_4_8_0_5_2_19_1_20_1_0_254_24_1_11_2_0_200_24_2_11_3_1_200_24_3_33_255
,Image,123,0,0,,17,15,80,80,48,2,2,4,254,0,1_1_29_35,11_1_30_200_24_0_11_4_8_0_5_2_19_1_20_1_0_254_30_12_8_0_5_3_19_1_24_1_11_2_0_200_24_2_11_3_1_200_24_3_33_255
,Image,123,0,0,,16,15,80,80,48,3,1,4,254,0,1_1_21_27,11_1_30_200_24_0_11_4_8_0_5_2_19_1_20_1_0_254_24_1_11_2_0_200_24_2_11_3_1_200_24_3_33_255
,Image,123,0,0,,16,15,80,80,48,2,1,4,254,0,1_1_29_35,11_1_30_200_24_0_11_4_8_0_5_2_19_1_20_1_0_254_30_12_8_0_5_3_19_1_24_1_11_2_0_200_24_2_11_3_1_200_24_3_33_255
,Cave,123,0,0,,23,23,80,80,48,2,1,4,254,0,1_1_29_35,11_1_30_200_24_0_11_4_8_0_5_2_19_1_20_1_0_254_30_12_8_0_5_3_19_1_24_1_11_2_0_200_24_2_11_3_1_200_24_3_33_255
,Cave,123,0,0,,23,23,80,80,48,3,1,4,254,0,1_1_21_27,11_1_30_200_24_0_11_4_8_0_5_2_19_1_20_1_0_254_24_1_11_2_0_200_24_2_11_3_1_200_24_3_33_255
,Cake,123,0,0,,18,17,80,80,48,2,1,4,254,0,1_1_29_35,11_1_30_200_24_0_11_4_8_0_5_2_19_1_20_1_0_254_30_12_8_0_5_3_19_1_24_1_11_2_0_200_24_2_11_3_1_200_24_3_33_255
,Cake,123,0,0,,18,17,80,80,48,3,1,4,254,0,1_1_21_27,11_1_30_200_24_0_11_4_8_0_5_2_19_1_20_1_0_254_24_1_11_2_0_200_24_2_11_3_1_200_24_3_33_255
,Jungle,123,0,1,,23,21,80,80,48,5,2,4,254,0,1_7,11_3_1_200_24_0_11_2_0_200_24_1_33_255
,Jungle,123,0,1,,22,21,80,80,48,5,1,4,254,0,1_7,11_3_1_200_24_0_11_2_0_200_24_1_33_255
,Music,123,0,1,,22,19,80,80,48,5,2,4,254,0,1_7,11_3_1_200_24_0_11_2_0_200_24_1_33_255
,Music,123,0,1,,21,19,80,80,48,5,1,4,254,0,1_7,11_3_1_200_24_0_11_2_0_200_24_1_33_255
,Mountain,123,0,1,,24,19,80,80,48,5,2,4,254,0,1_7,11_3_1_200_24_0_11_2_0_200_24_1_33_255
,Mountain,123,0,1,,23,19,80,80,48,5,1,4,254,0,1_7,11_3_1_200_24_0_11_2_0_200_24_1_33_255
,Image,123,0,1,,17,15,80,80,48,5,2,4,254,0,1_7,11_3_1_200_24_0_11_2_0_200_24_1_33_255
,Image,123,0,1,,16,15,80,80,48,5,1,4,254,0,1_7,11_3_1_200_24_0_11_2_0_200_24_1_33_255
,Cave,123,0,1,,24,23,80,80,48,5,2,4,254,0,1_7,11_3_1_200_24_0_11_2_0_200_24_1_33_255
,Cave,123,0,1,,23,23,80,80,48,5,1,4,254,0,1_7,11_3_1_200_24_0_11_2_0_200_24_1_33_255
,Cake,123,0,1,,19,17,80,80,48,5,2,4,254,0,1_7,11_3_1_200_24_0_11_2_0_200_24_1_33_255
,Cake,123,0,1,,18,17,80,80,48,5,1,4,254,0,1_7,11_3_1_200_24_0_11_2_0_200_24_1_33_255
,Jungle,123,1,0,,22,21,80,80,48,1,1,4,254,0,1_7_13,11_2_0_200_24_0_11_3_1_200_24_1_11_1_30_200_24_2_33_255
,Jungle,123,1,0,,23,21,80,80,48,7,2,4,254,0,3_13_21_29_41_47_53,11_99_5_0_20_1_16_0_23_0_11_99_5_1_20_1_0_1_23_1_11_99_20_1_240_0_23_2_11_99_20_1_0_255_23_3_11_5_8_2_5_1_30_200_23_4_11_2_0_200_24_5_11_3_1_200_24_6_33_255
,Jungle,123,1,0,,23,21,80,80,48,1,2,4,254,0,1_7_13,11_2_0_200_24_0_11_3_1_200_24_1_11_1_30_200_24_2_33_255
,Jungle,123,1,0,,23,21,80,80,48,6,2,4,254,0,3_13_21_29_37_43,11_99_5_0_20_1_16_0_23_0_11_99_5_1_20_1_0_1_23_1_11_99_20_1_240_0_23_2_11_99_20_1_0_255_23_3_11_2_0_200_24_4_11_3_1_200_24_5_33_255
,Music,123,1,0,,22,19,80,80,48,7,2,4,254,0,3_13_21_29_41_47_53,11_99_5_0_20_1_16_0_23_0_11_99_5_1_20_1_0_1_23_1_11_99_20_1_240_0_23_2_11_99_20_1_0_255_23_3_11_5_8_2_5_1_30_200_23_4_11_2_0_200_24_5_11_3_1_200_24_6_33_255
,Music,123,1,0,,22,19,80,80,48,1,2,4,254,0,1_7_13,11_2_0_200_24_0_11_3_1_200_24_1_11_1_30_200_24_2_33_255
,Music,123,1,0,,22,19,80,80,48,7,2,4,254,0,3_13_21_29_41_47_53,11_99_5_0_20_1_240_0_23_0_11_99_5_1_20_1_0_1_23_1_11_99_20_1_16_0_23_2_11_99_20_1_0_255_23_3_11_5_8_2_5_1_30_200_23_4_11_2_0_200_24_5_11_3_1_200_24_6_33_255
,Music,123,1,0,,21,19,80,80,48,1,1,4,254,0,1_7_13,11_2_0_200_24_0_11_3_1_200_24_1_11_1_30_200_24_2_33_255
,Music,123,1,0,,21,19,80,80,48,7,1,4,254,0,3_13_21_29_41_47_53,11_99_5_0_20_1_240_0_23_0_11_99_5_1_20_1_0_1_23_1_11_99_20_1_16_0_23_2_11_99_20_1_0_255_23_3_11_5_8_2_5_1_30_200_23_4_11_2_0_200_24_5_11_3_1_200_24_6_33_255
,Music,123,1,0,,21,19,80,80,48,6,1,4,254,0,3_13_21_29_37_43,11_99_5_0_20_1_240_0_23_0_11_99_5_1_20_1_0_1_23_1_11_99_20_1_16_0_23_2_11_99_20_1_0_255_23_3_11_2_0_200_24_4_11_3_1_200_24_5_33_255
,Music,123,1,0,,21,19,80,80,48,4,1,4,254,0,1_7_25,11_2_0_200_24_0_11_3_1_200_24_1_11_4_8_0_5_2_19_1_20_1_0_254_11_1_30_200_24_2_33_255
,Mountain,123,1,0,,23,19,80,80,48,7,1,4,254,0,3_13_21_29_41_47_53,11_99_5_0_20_1_16_0_23_0_11_99_5_1_20_1_0_1_23_1_11_99_20_1_240_0_23_2_11_99_20_1_0_255_23_3_11_5_8_2_5_1_30_200_23_4_11_2_0_200_24_5_11_3_1_200_24_6_33_255
,Mountain,123,1,0,,24,19,80,80,48,1,2,4,254,0,1_7_13,11_2_0_200_24_0_11_3_1_200_24_1_11_1_30_200_24_2_33_255
,Mountain,123,1,0,,24,19,80,80,48,7,2,4,254,0,3_13_21_29_41_47_53,11_99_5_0_20_1_16_0_23_0_11_99_5_1_20_1_0_1_23_1_11_99_20_1_240_0_23_2_11_99_20_1_0_255_23_3_11_5_8_2_5_1_30_200_23_4_11_2_0_200_24_5_11_3_1_200_24_6_33_255
,Mountain,123,1,0,,23,19,80,80,48,1,1,4,254,0,1_7_13,11_2_0_200_24_0_11_3_1_200_24_1_11_1_30_200_24_2_33_255
,Image,123,1,0,,17,15,80,80,48,6,2,4,254,0,3_13_21_29_37_43,11_99_5_0_20_1_16_0_23_0_11_99_5_1_20_1_0_1_23_1_11_99_20_1_240_0_23_2_11_99_20_1_0_255_23_3_11_2_0_200_24_4_11_3_1_200_24_5_33_255
,Image,123,1,0,,17,15,80,80,48,1,2,4,254,0,1_7_13,11_2_0_200_24_0_11_3_1_200_24_1_11_1_30_200_24_2_33_255
,Image,123,1,0,,17,15,80,80,48,4,2,4,254,0,1_7_25,11_2_0_200_24_0_11_3_1_200_24_1_11_4_8_0_5_2_19_1_20_1_0_254_11_1_30_200_24_2_33_255
,Image,123,1,0,,16,15,80,80,48,6,1,4,254,0,3_13_21_29_37_43,11_99_5_0_20_1_16_0_23_0_11_99_5_1_20_1_0_1_23_1_11_99_20_1_240_0_23_2_11_99_20_1_0_255_23_3_11_2_0_200_24_4_11_3_1_200_24_5_33_255
,Image,123,1,0,,16,15,80,80,48,1,1,4,254,0,1_7_13,11_2_0_200_24_0_11_3_1_200_24_1_11_1_30_200_24_2_33_255
,Image,123,1,0,,16,15,80,80,48,4,1,4,254,0,1_7_25,11_2_0_200_24_0_11_3_1_200_24_1_11_4_8_0_5_2_19_1_20_1_0_254_11_1_30_200_24_2_33_255
,Cave,123,1,0,,23,23,80,80,48,1,1,4,254,0,1_7_13,11_2_0_200_24_0_11_3_1_200_24_1_11_1_30_200_24_2_33_255
,Cave,123,1,0,,24,23,80,80,48,1,2,4,254,0,1_7_13,11_2_0_200_24_0_11_3_1_200_24_1_11_1_30_200_24_2_33_255
,Cave,123,1,0,,24,23,80,80,48,7,2,4,254,0,3_13_21_29_41_47_53,11_99_5_0_20_1_16_0_23_0_11_99_5_1_20_1_0_1_23_1_11_99_20_1_240_0_23_2_11_99_20_1_0_255_23_3_11_5_8_2_5_1_30_200_23_4_11_2_0_200_24_5_11_3_1_200_24_6_33_255
,Cave,123,1,0,,24,23,80,80,48,7,2,4,254,0,3_13_21_29_41_47_53,11_99_5_0_20_1_240_0_23_0_11_99_5_1_20_1_0_1_23_1_11_99_20_1_16_0_23_2_11_99_20_1_0_255_23_3_11_5_8_2_5_1_30_200_23_4_11_2_0_200_24_5_11_3_1_200_24_6_33_255
,Cave,123,1,0,,24,23,80,80,48,6,2,4,254,0,3_13_21_29_37_43,11_99_5_0_20_1_240_0_23_0_11_99_5_1_20_1_0_1_23_1_11_99_20_1_16_0_23_2_11_99_20_1_0_255_23_3_11_2_0_200_24_4_11_3_1_200_24_5_33_255
,Cave,123,1,0,,24,23,80,80,48,6,2,4,254,0,3_13_21_29_37_43,11_99_5_0_20_1_16_0_23_0_11_99_5_1_20_1_0_1_23_1_11_99_20_1_240_0_23_2_11_99_20_1_0_255_23_3_11_2_0_200_24_4_11_3_1_200_24_5_33_255
,Cave,123,1,0,,23,23,80,80,48,7,1,4,254,0,3_13_21_29_41_47_53,11_99_5_0_20_1_240_0_23_0_11_99_5_1_20_1_0_1_23_1_11_99_20_1_16_0_23_2_11_99_20_1_0_255_23_3_11_5_8_2_5_1_30_200_23_4_11_2_0_200_24_5_11_3_1_200_24_6_33_255
,Cake,123,1,0,,19,17,80,80,48,7,2,4,254,0,3_13_21_29_41_47_53,11_99_5_0_20_1_16_0_23_0_11_99_5_1_20_1_0_1_23_1_11_99_20_1_240_0_23_2_11_99_20_1_0_255_23_3_11_5_8_2_5_1_30_200_23_4_11_2_0_200_24_5_11_3_1_200_24_6_33_255
,Cake,123,1,0,,19,17,80,80,48,1,2,4,254,0,1_7_13,11_2_0_200_24_0_11_3_1_200_24_1_11_1_30_200_24_2_33_255
,Cake,123,1,0,,19,17,80,80,48,7,2,4,254,0,3_13_21_29_41_47_53,11_99_5_0_20_1_240_0_23_0_11_99_5_1_20_1_0_1_23_1_11_99_20_1_16_0_23_2_11_99_20_1_0_255_23_3_11_5_8_2_5_1_30_200_23_4_11_2_0_200_24_5_11_3_1_200_24_6_33_255
,Cake,123,1,0,,19,17,80,80,48,6,2,4,254,0,3_13_21_29_37_43,11_99_5_0_20_1_16_0_23_0_11_99_5_1_20_1_0_1_23_1_11_99_20_1_240_0_23_2_11_99_20_1_0_255_23_3_11_2_0_200_24_4_11_3_1_200_24_5_33_255
,Cake,123,1,0,,18,17,80,80,48,1,1,4,254,0,1_7_13,11_2_0_200_24_0_11_3_1_200_24_1_11_1_30_200_24_2_33_255
,Cake,123,1,0,,18,17,80,80,48,7,1,4,254,0,3_13_21_29_41_47_53,11_99_5_0_20_1_240_0_23_0_11_99_5_1_20_1_0_1_23_1_11_99_20_1_16_0_23_2_11_99_20_1_0_255_23_3_11_5_8_2_5_1_30_200_23_4_11_2_0_200_24_5_11_3_1_200_24_6_33_255
,Jungle,124,0,13,,12,9,64,0,0,0,0,4,254,0,,
,Music,124,0,13,,11,8,64,0,0,0,0,4,254,0,,
,Image,124,0,13,,12,9,64,0,0,0,0,4,254,0,,
,Cave,124,0,13,,14,11,64,0,0,0,0,4,254,0,,
,Cake,124,0,13,,12,9,64,0,0,0,0,4,254,0,,
,Cake,124,0,14,,12,9,64,0,0,0,0,4,0,0,,
,Cake,124,0,17,,12,9,64,0,0,0,0,4,0,0,,
,Cake,125,0,1,,27,23,0,0,4,0,0,4,0,32,,30_200_33_255
,Cake,126,0,4,,27,23,0,0,0,0,0,4,254,0,,30_200_33_255
,Cake,127,0,3,,27,23,0,0,0,0,0,4,254,0,,30_200_33_255
,Jungle,130,0,5,,22,21,80,80,48,0,0,7,0,0,,30_200_33_255
,Music,130,0,5,,21,19,80,80,48,0,0,7,0,0,,30_200_33_255
,Mountain,130,0,5,,23,19,80,80,48,0,0,7,0,0,,30_200_33_255
,Image,130,0,5,,16,15,80,80,48,0,0,7,0,0,,30_200_33_255
,Cave,130,0,5,,23,23,80,80,48,0,0,7,0,0,,30_200_33_255
,Cake,130,0,5,,18,17,80,80,48,0,0,7,0,0,,30_200_33_255
,Music,131,0,3,,19,17,112,112,10,0,0,4,253,32,11,2_254_23_0_11_0_5_6_2_100_5_8_33_255
,All,136,0,0,,3,0,80,80,48,0,1,7,0,0,,2_254_33_255
,All,137,5,53,,4,2,80,32,0,0,200,7,254,0,,2_254_33_255
,Music,138,0,10,,15,14,64,0,10,5,0,4,0,32,53_7_15_23_31_39_47,2_254_23_0_11_1_5_11_20_1_254_0_23_1_11_99_20_1_0_254_23_2_11_99_20_1_1_0_23_3_11_99_20_1_0_2_23_4_11_99_20_1_254_0_23_5_11_99_20_1_0_0_23_6_33_255
,Music,138,0,10,,15,14,64,0,10,5,0,4,0,32,69_7_15_23_31_39_47_55_63,2_254_23_0_11_1_5_11_20_1_2_254_23_1_11_99_20_1_0_254_23_2_11_99_20_1_2_0_23_3_11_99_20_1_0_2_23_4_11_99_20_1_254_0_23_5_11_99_20_1_0_2_23_6_11_99_20_1_2_0_23_7_11_99_20_1_0_0_23_8_33_255
,Music,139,2,3,,15,14,56,128,16,0,1,7,0,0,,
,Cave,140,0,1,,26,24,36,32,20,0,1,4,255,0,,2_254_33_255
,Cave,140,0,1,,26,24,36,32,20,0,1,4,255,0,1_9,11_99_20_1_1_0_23_0_11_99_20_1_255_0_23_1_33_255
,Cave,140,0,1,,26,24,36,32,20,0,1,4,255,0,1_9,11_99_20_1_0_255_23_0_11_99_20_1_0_1_23_1_33_255
,Cave,140,0,2,,26,24,36,32,20,0,1,4,255,0,23_9_17,2_10_23_0_11_0_5_1_11_99_20_1_2_0_23_1_11_99_20_1_0_0_23_2_33_255
,Cave,140,0,2,,26,24,36,32,20,0,1,4,255,0,23_9_17,2_10_23_0_11_0_5_1_11_99_20_1_0_2_23_1_11_99_20_1_0_0_23_2_33_255
,Cave,140,0,2,,26,24,36,32,20,0,1,4,255,0,23_9_17,2_10_23_0_11_0_5_1_11_99_20_1_0_254_23_1_11_99_20_1_0_0_23_2_33_255
,Cave,140,0,2,,26,24,36,32,20,0,1,4,255,0,23_9_17,2_10_23_0_11_0_5_1_11_99_20_1_254_0_23_1_11_99_20_1_0_0_23_2_33_255
,Cake,140,0,2,,20,18,36,32,20,0,1,4,255,0,23_9_17,2_10_23_0_11_0_5_1_11_99_20_1_0_254_23_1_11_99_20_1_0_0_23_2_33_255
,All,142,5,19,,4,2,80,64,32,0,200,7,0,0,,2_254_33_255
,All,143,5,20,,4,2,80,64,48,0,0,7,0,0,,2_254_33_255
,All,143,5,20,,4,2,80,64,48,0,0,7,0,0,,30_254_33_255
,Music,145,0,0,,24,21,80,96,50,0,4,4,255,0,,2_254_33_255
,Image,145,0,0,,21,19,80,96,50,0,4,4,255,0,,2_254_33_255
,Music,146,0,4,,24,21,80,80,0,0,0,7,254,0,,2_254_33_255
,Image,146,0,4,,21,19,80,80,0,0,0,7,254,0,,30_254_33_255
,Jungle,151,2,2,,9,6,80,64,50,0,0,0,254,0,10_26_20_36,11_0_17_2_0_26_0_24_1_11_1_8_2_5_2_0_15_5_11_11_2_0_10_24_2_11_3_8_2_5_2_1_15_5_11_11_4_1_10_24_3_33_255
,Music,152,0,0,,26,22,128,192,24,2,254,4,255,32,1_7_13,11_1_2_200_24_0_11_2_0_200_24_1_11_3_1_200_24_2_33_255
,Music,152,0,2,,26,22,128,192,24,2,0,4,255,32,,30_200_33_255
,Music,152,0,2,,26,22,128,192,24,2,1,4,255,32,,30_200_33_255
,Music,154,0,13,,15,14,64,0,10,5,0,4,0,32,37_7_15_23_31,2_254_23_0_11_1_5_14_20_1_0_1_23_1_11_99_20_1_2_0_23_2_11_99_20_1_0_254_23_3_11_99_20_1_0_0_23_4_33_255
,Music,154,0,13,,15,14,64,0,10,5,0,4,0,32,53_7_15_23_31_39_47,2_254_23_0_11_1_5_14_20_1_1_1_23_1_11_99_20_1_255_1_23_2_11_99_20_1_2_0_23_3_11_99_20_1_255_255_23_4_11_99_20_1_1_255_23_5_11_99_20_1_0_0_23_6_33_255
,Music,155,0,15,,15,14,64,0,10,5,0,4,0,32,21_7_15,2_254_23_0_11_1_5_16_20_1_1_0_23_1_11_99_20_1_0_0_23_2_33_255
,Music,156,1,0,,17,15,80,80,64,0,254,4,254,0,1_7_13,11_0_2_200_24_0_11_1_0_200_24_1_11_2_1_200_24_2_33_255
,All,158,9,0,,2,1,80,64,0,0,0,7,254,0,,30_250_33_255
,All,158,9,1,,2,1,80,64,0,0,0,7,254,0,,30_250_33_255
,All,158,9,2,,2,1,80,64,0,0,0,7,254,0,,30_250_33_255
,All,158,9,3,,2,1,80,64,0,0,0,7,254,0,,30_250_33_255
,All,158,9,4,,2,1,80,64,0,0,0,7,254,0,,30_250_33_255
,All,158,9,5,,2,1,80,64,0,0,0,7,254,0,,30_250_33_255
,All,158,9,6,,2,1,80,64,0,0,0,7,254,0,,30_250_33_255
,All,158,9,8,,2,1,80,64,0,0,0,7,254,0,,30_250_33_255
,All,158,9,9,,2,1,80,64,0,0,0,7,254,0,,30_250_33_255
,All,158,9,11,,2,1,80,64,0,0,0,7,254,0,,30_250_33_255
,Music,159,3,0,,16,14,112,192,8,4,0,4,0,32,,
,Music,160,4,0,,16,14,112,240,4,4,0,4,0,32,,
,All,161,5,24,,4,2,0,0,0,0,200,7,254,0,,
,All,161,5,25,,4,2,0,0,0,0,200,7,254,0,,
,All,161,5,26,,4,2,0,0,0,0,200,7,254,0,,
,All,161,5,27,,4,2,0,0,0,0,200,7,254,0,,
,All,161,5,28,,4,2,0,0,0,0,200,7,254,0,,
,All,161,5,29,,4,2,0,0,0,0,200,7,254,0,,
,All,161,5,30,,4,2,0,0,0,0,200,7,254,0,,
,All,161,5,31,,4,2,0,0,0,0,200,7,254,0,,
,Image,162,0,0,,26,24,60,96,8,0,0,4,0,32,,30_200_33_255
,Cave,162,0,0,,29,27,60,96,8,0,0,4,0,32,,30_200_33_255
,Image,163,0,0,,28,26,16,16,0,0,1,4,0,0,,2_254_33_255
,Image,163,0,0,,28,26,16,16,1,0,1,4,0,0,,2_254_33_255
,Cave,163,0,0,,30,28,16,16,0,0,0,4,0,0,,2_254_33_255
,Image,163,0,1,,28,26,16,16,1,0,1,4,0,0,,2_254_33_255
,Image,163,0,1,,28,26,16,16,0,0,1,4,0,0,,2_254_33_255
,Cave,163,0,1,,30,28,16,16,0,0,0,4,0,0,,2_254_33_255
,Image,163,0,2,,28,26,16,16,0,0,1,4,0,0,,2_254_33_255
,Image,163,0,2,,28,26,16,16,1,0,1,4,0,0,,2_254_33_255
,Cave,163,0,2,,30,28,16,16,0,0,0,4,0,0,,2_254_33_255
,Image,163,0,3,,28,26,16,16,0,0,1,4,0,0,,2_254_33_255
,Image,163,0,3,,28,26,16,16,1,0,1,4,0,0,,2_254_33_255
,Cave,163,0,3,,30,28,16,16,0,0,0,4,0,0,,2_254_33_255
,Image,163,0,4,,28,26,16,16,0,0,1,4,0,0,,2_254_33_255
,Cave,163,0,4,,30,28,16,16,0,0,0,4,0,0,,2_254_33_255
,Image,163,0,5,,28,26,16,16,0,0,1,4,0,0,,2_254_33_255
,Cave,163,0,5,,30,28,16,16,0,0,0,4,0,0,,2_254_33_255
,Image,163,0,6,,28,26,16,16,0,0,1,4,0,0,,2_254_33_255
,Cave,163,0,6,,30,28,16,16,0,0,0,4,0,0,,2_254_33_255
,Image,163,0,7,,28,26,16,16,0,0,1,4,0,0,,2_254_33_255
,Cave,163,0,7,,30,28,16,16,0,0,0,4,0,0,,2_254_33_255
,Cave,163,0,8,,30,28,16,16,0,0,0,4,0,0,,2_254_33_255
,Image,163,0,9,,28,26,16,16,0,0,1,4,0,0,,2_254_33_255
,Cave,163,0,9,,30,28,16,16,0,0,0,4,0,0,,2_254_33_255
,Image,163,0,10,,28,26,16,16,0,0,1,4,0,0,,2_254_33_255
,Cave,163,0,10,,30,28,16,16,0,0,0,4,0,0,,2_254_33_255
,Image,163,0,11,,28,26,16,16,0,0,1,4,0,0,,2_254_33_255
,Cave,163,0,11,,30,28,16,16,0,0,0,4,0,0,,2_254_33_255
,Image,163,0,12,,28,26,16,16,0,0,1,4,0,0,,2_254_33_255
,Cave,163,0,12,,30,28,16,16,0,0,0,4,0,0,,2_254_33_255
,All,164,10,0,,2,1,0,0,0,0,0,4,254,0,,
,All,164,10,1,,2,1,0,0,0,0,0,4,254,0,,
,All,164,10,2,,2,1,0,0,0,0,0,4,254,0,,
,All,164,10,3,,2,1,0,0,0,0,0,4,254,0,,
,All,164,10,4,,2,1,0,0,0,0,0,4,254,0,,
,All,164,10,4,,2,1,0,0,1,0,0,4,254,0,,
,Image,166,0,0,,27,25,80,80,0,0,254,4,0,0,,2_254_33_255
,Mountain,172,0,0,,13,12,80,127,0,3,15,4,254,0,1_23_97_81_1_81_1_1_1_1_115_81_1,11_10_8_0_5_14_19_1_24_0_11_11_8_0_5_10_19_1_17_70_28_1_24_2_24_3_11_13_8_1_5_1_19_1_8_0_5_9_19_1_24_4_11_17_8_1_5_0_19_2_24_5_11_0_8_0_5_3_19_1_8_0_5_4_19_1_8_0_5_14_24_6_11_1_8_0_5_14_24_7_11_7_8_0_5_9_19_1_8_0_5_15_19_1_24_8_11_12_8_0_5_13_19_2_24_9_11_14_8_0_5_11_19_1_11_15_30_200_24_10_11_16_8_0_5_12_19_1_24_11_11_8_30_10_24_12_33_255
,Image,174,0,1,,19,17,80,96,0,0,2,4,255,0,,30_200_33_255
,Image,174,0,16,,19,17,80,96,0,0,2,4,255,0,,30_200_33_255
,Image,175,0,7,,11,8,90,48,8,0,0,4,254,32,,30_250_33_255
,Image,175,0,16,,11,8,90,48,8,0,0,4,254,0,,30_250_33_255
,Image,176,0,0,,11,8,78,127,7,0,1,4,254,32,,30_250_33_255
,Image,177,2,2,,11,8,90,64,10,0,1,4,254,32,,30_250_33_255
,Image,178,0,2,,11,8,78,127,7,0,3,4,254,32,,30_200_33_255
,Image,178,0,2,,11,8,78,127,7,0,1,4,254,32,,30_200_33_255
,Image,179,0,2,,11,8,78,127,7,0,1,4,254,32,,30_200_33_255
,Image,184,0,1,,19,17,80,96,0,0,2,4,255,0,,1_1_30_200_33_255
,Image,184,0,16,,19,17,80,96,0,0,2,4,255,0,,1_1_30_200_33_255
,Music,185,1,0,,17,15,80,80,64,0,254,4,254,0,1_7_13,11_0_2_200_24_0_11_1_0_200_24_1_11_2_1_200_24_2_33_255
,Image,186,0,0,,19,17,80,96,0,0,0,7,0,0,,30_200_33_255
,Mountain,188,0,7,,21,18,18,32,5,0,0,4,254,32,,2_254_33_255
,Cave,188,0,7,,25,9,18,32,5,0,0,4,254,32,,2_254_33_255
,Mountain,189,0,7,,21,18,18,32,5,0,0,4,254,32,1_9,11_99_20_1_0_254_23_0_11_99_20_1_0_2_23_1_33_255
,Cave,189,0,7,,25,9,18,32,5,0,0,4,254,32,1_9,11_99_20_1_0_254_23_0_11_99_20_1_0_2_23_1_33_255
,Cave,189,0,11,,25,9,18,32,5,0,0,4,254,32,23_9_17,2_10_23_0_11_0_5_10_11_99_20_1_2_0_23_1_11_99_20_1_0_0_23_2_33_255
,Cave,189,0,11,,25,9,18,32,5,0,0,4,254,32,23_9_17,2_10_23_0_11_0_5_10_11_99_20_1_0_254_23_1_11_99_20_1_0_0_23_2_33_255
,Cave,189,0,11,,25,9,18,32,5,0,0,4,254,32,23_9_17,2_10_23_0_11_0_5_10_11_99_20_1_254_0_23_1_11_99_20_1_0_0_23_2_33_255
,Cave,189,0,11,,25,9,18,32,5,0,0,4,254,32,23_9_17,2_10_23_0_11_0_5_10_11_99_20_1_0_2_23_1_11_99_20_1_0_0_23_2_33_255
,Image,191,2,1,,11,8,78,127,7,0,2,4,255,0,,30_250_33_255
,Image,191,2,1,,11,8,78,127,7,0,3,4,255,0,,30_250_33_255
,Image,191,2,1,,11,8,78,127,7,0,1,4,255,0,,30_250_33_255
,Image,191,2,1,,11,8,78,127,7,0,4,4,255,0,,30_250_33_255
,Image,191,2,1,,11,8,78,127,7,0,5,4,255,0,,30_250_33_255
,Cave,195,0,11,,21,21,80,96,48,0,4,4,254,0,,30_200_33_255
,Cave,195,0,28,,21,21,80,96,48,0,4,4,254,0,,30_200_33_255
,Cave,196,0,10,,21,21,64,80,16,0,0,7,0,0,,1_1_30_200_33_255
,All,202,0,57,,1,0,80,48,16,0,0,7,0,0,,30_200_33_255
,All,202,0,58,,1,0,80,48,16,0,0,7,0,0,,30_200_33_255
,Cake,204,0,0,,25,0,80,80,20,0,0,7,254,0,,2_254_33_255
,All,205,5,1,,4,2,60,48,32,0,1,7,254,0,,30_200_33_255
,All,206,2,22,,1,0,80,80,20,0,0,7,255,0,,2_254_33_255
,All,206,2,22,,1,0,80,80,20,0,0,7,255,0,,30_254_33_255
,Music,208,0,0,,30,26,64,64,64,0,0,7,0,0,,2_254_33_255
,Image,208,0,0,,10,7,64,64,64,0,0,7,0,0,,30_254_33_255
,Cave,208,0,0,,13,10,64,64,64,0,0,7,0,0,,2_254_33_255
,Cake,212,0,7,,22,11,128,240,88,0,0,4,255,0,,2_254_33_255
,Cake,212,0,9,,22,11,128,240,88,0,0,4,255,0,,2_254_33_255
,Cake,212,0,15,,22,11,128,240,0,0,0,4,0,0,,2_254_33_255
,Cake,212,0,39,,22,11,128,240,0,0,1,4,255,0,,2_254_33_255
,Cake,215,0,0,,22,11,96,128,64,0,0,7,0,0,,30_200_33_255
,Music,217,2,0,,18,16,80,96,48,0,6,4,255,0,12_16_26_26_26_93_93_85_93_26_93,11_5_17_2_0_26_0_1_2_24_1_11_6_0_2_11_0_8_2_5_0_19_1_24_2_11_7_30_10_24_3_11_1_8_0_5_0_19_1_19_1_19_1_24_4_11_2_8_0_5_1_19_1_24_5_11_3_8_0_5_7_19_1_24_6_11_4_17_3_2_26_7_8_0_5_2_19_1_19_1_19_1_24_8_11_9_5_2_19_1_24_9_11_8_8_1_5_0_19_1_24_10_33_255
,Image,225,0,1,,19,17,80,96,0,0,2,4,255,0,,30_200_33_255
,Image,225,0,16,,19,17,80,96,0,0,2,4,255,0,,30_200_33_255
,Image,226,0,1,,19,17,80,96,0,0,2,4,255,0,,1_1_30_200_33_255
,Image,226,0,16,,19,17,80,96,0,0,2,4,255,0,,1_1_30_200_33_255
,Image,229,0,8,,11,8,90,96,48,0,0,4,254,0,,30_250_33_255
,Image,230,0,9,,11,8,90,96,96,0,1,4,254,0,,30_250_33_255
,Image,230,0,9,,11,8,90,96,96,0,0,4,254,0,,30_250_33_255
,All,236,5,54,,4,2,80,136,88,0,0,4,254,0,,2_254_33_255
,Image,240,0,1,,11,8,78,127,32,0,1,4,254,0,,30_250_33_255
,Image,241,0,3,,11,8,78,127,32,0,3,4,254,0,,30_200_33_255
,Image,241,0,3,,11,8,78,127,32,0,1,4,254,0,,30_200_33_255
,Image,242,0,3,,11,8,78,127,32,0,1,4,254,0,,30_200_33_255
,Image,250,0,15,,11,8,90,48,8,0,0,4,254,0,,30_250_33_255
,Cake,258,0,0,,27,23,110,147,0,0,0,4,0,32,,30_200_33_255
,Cake,258,0,5,,27,23,0,0,4,0,0,4,0,32,,30_200_33_255
,Jungle,259,0,0,,32,30,64,80,0,0,514,4,0,0,,2_254_33_255
,Jungle,259,0,0,,32,30,64,80,0,0,257,4,0,0,,2_254_33_255
,Music,259,0,0,,38,34,64,80,0,0,257,4,0,0,,2_254_33_255
,Music,259,0,0,,38,34,64,80,0,0,514,4,0,0,,2_254_33_255
,Mountain,259,0,0,,31,26,64,80,0,0,0,4,0,0,,2_254_33_255
,Mountain,259,0,0,,31,26,64,80,0,0,257,4,0,0,,2_254_33_255
,Image,259,0,0,,31,29,64,80,0,0,1285,4,0,0,,2_254_33_255
,Cave,259,0,0,,42,39,64,80,0,0,257,4,0,0,,2_254_33_255
,Cake,259,0,0,,32,28,64,80,0,0,1285,4,0,0,,2_254_33_255
,Jungle,259,0,1,,32,30,64,80,0,0,514,4,0,0,,2_254_33_255
,Jungle,259,0,1,,32,30,64,80,0,0,257,4,0,0,,2_254_33_255
,Music,259,0,1,,38,34,64,80,0,0,257,4,0,0,,2_254_33_255
,Mountain,259,0,1,,31,26,64,80,0,0,0,4,0,0,,2_254_33_255
,Image,259,0,1,,31,29,64,80,0,0,1285,4,0,0,,2_254_33_255
,Cave,259,0,1,,42,39,64,80,0,0,257,4,0,0,,2_254_33_255
,Cake,259,0,1,,32,28,64,80,0,0,1285,4,0,0,,2_254_33_255
,Jungle,259,0,2,,32,30,64,80,0,0,514,4,0,0,,2_254_33_255
,Jungle,259,0,2,,32,30,64,80,0,0,257,4,0,0,,2_254_33_255
,Music,259,0,2,,38,34,64,80,0,0,257,4,0,0,,2_254_33_255
,Music,259,0,2,,38,34,64,80,0,0,514,4,0,0,,2_254_33_255
,Mountain,259,0,2,,31,26,64,80,0,0,0,4,0,0,,2_254_33_255
,Image,259,0,2,,31,29,64,80,0,0,1285,4,0,0,,2_254_33_255
,Cave,259,0,2,,42,39,64,80,0,0,257,4,0,0,,2_254_33_255
,Cake,259,0,2,,32,28,64,80,0,0,1285,4,0,0,,2_254_33_255
,Jungle,259,0,3,,32,30,64,80,0,0,514,4,0,0,,2_254_33_255
,Jungle,259,0,3,,32,30,64,80,0,0,257,4,0,0,,2_254_33_255
,Music,259,0,3,,38,34,64,80,0,0,257,4,0,0,,2_254_33_255
,Mountain,259,0,3,,31,26,64,80,0,0,0,4,0,0,,2_254_33_255
,Mountain,259,0,3,,31,26,64,80,0,0,257,4,0,0,,2_254_33_255
,Image,259,0,3,,31,29,64,80,0,0,1285,4,0,0,,2_254_33_255
,Cave,259,0,3,,42,39,64,80,0,0,257,4,0,0,,2_254_33_255
,Cake,259,0,3,,32,28,64,80,0,0,1285,4,0,0,,2_254_33_255
,Jungle,259,0,4,,32,30,64,80,0,0,514,4,0,0,,2_254_33_255
,Jungle,259,0,4,,32,30,64,80,0,0,257,4,0,0,,2_254_33_255
,Music,259,0,4,,38,34,64,80,0,0,257,4,0,0,,2_254_33_255
,Music,259,0,4,,38,34,64,80,0,0,514,4,0,0,,2_254_33_255
,Mountain,259,0,4,,31,26,64,80,0,0,0,4,0,0,,2_254_33_255
,Mountain,259,0,4,,31,26,64,80,0,0,257,4,0,0,,2_254_33_255
,Image,259,0,4,,31,29,64,80,0,0,1285,4,0,0,,2_254_33_255
,Cave,259,0,4,,42,39,64,80,0,0,257,4,0,0,,2_254_33_255
,Cake,259,0,4,,32,28,64,80,0,0,1285,4,0,0,,2_254_33_255
,Jungle,259,0,5,,32,30,64,80,0,0,514,4,0,0,,2_254_33_255
,Jungle,259,0,5,,32,30,64,80,0,0,257,4,0,0,,2_254_33_255
,Music,259,0,5,,38,34,64,80,0,0,257,4,0,0,,2_254_33_255
,Music,259,0,5,,38,34,64,80,0,0,514,4,0,0,,2_254_33_255
,Mountain,259,0,5,,31,26,64,80,0,0,0,4,0,0,,2_254_33_255
,Image,259,0,5,,31,29,64,80,0,0,1285,4,0,0,,2_254_33_255
,Cave,259,0,5,,42,39,64,80,0,0,257,4,0,0,,2_254_33_255
,Cake,259,0,5,,32,28,64,80,0,0,1285,4,0,0,,2_254_33_255
,Jungle,259,0,6,,32,30,64,80,0,0,514,4,0,0,,2_254_33_255
,Jungle,259,0,6,,32,30,64,80,0,0,257,4,0,0,,2_254_33_255
,Music,259,0,6,,38,34,64,80,0,0,257,4,0,0,,2_254_33_255
,Mountain,259,0,6,,31,26,64,80,0,0,0,4,0,0,,2_254_33_255
,Mountain,259,0,6,,31,26,64,80,0,0,257,4,0,0,,2_254_33_255
,Image,259,0,6,,31,29,64,80,0,0,1285,4,0,0,,2_254_33_255
,Cave,259,0,6,,42,39,64,80,0,0,257,4,0,0,,2_254_33_255
,Cake,259,0,6,,32,28,64,80,0,0,1285,4,0,0,,2_254_33_255
,Jungle,259,0,7,,32,30,64,80,0,0,514,4,0,0,,2_254_33_255
,Jungle,259,0,7,,32,30,64,80,0,0,257,4,0,0,,2_254_33_255
,Music,259,0,7,,38,34,64,80,0,0,257,4,0,0,,2_254_33_255
,Music,259,0,7,,38,34,64,80,0,0,514,4,0,0,,2_254_33_255
,Mountain,259,0,7,,31,26,64,80,0,0,0,4,0,0,,2_254_33_255
,Mountain,259,0,7,,31,26,64,80,0,0,257,4,0,0,,2_254_33_255
,Image,259,0,7,,31,29,64,80,0,0,1285,4,0,0,,2_254_33_255
,Cave,259,0,7,,42,39,64,80,0,0,257,4,0,0,,2_254_33_255
,Cake,259,0,7,,32,28,64,80,0,0,1285,4,0,0,,2_254_33_255
,Jungle,259,0,8,,32,30,64,80,0,0,514,4,0,0,,2_254_33_255
,Music,259,0,8,,38,34,64,80,0,0,257,4,0,0,,2_254_33_255
,Music,259,0,8,,38,34,64,80,0,0,514,4,0,0,,2_254_33_255
,Mountain,259,0,8,,31,26,64,80,0,0,0,4,0,0,,2_254_33_255
,Mountain,259,0,8,,31,26,64,80,0,0,257,4,0,0,,2_254_33_255
,Image,259,0,8,,31,29,64,80,0,0,1285,4,0,0,,2_254_33_255
,Cave,259,0,8,,42,39,64,80,0,0,257,4,0,0,,2_254_33_255
,Cake,259,0,8,,32,28,64,80,0,0,1285,4,0,0,,2_254_33_255
,Mountain,259,0,9,,31,26,64,80,0,0,0,4,0,0,,2_254_33_255
,Image,259,0,9,,31,29,64,80,0,0,1285,4,0,0,,2_254_33_255
,Cave,259,0,9,,42,39,64,80,0,0,257,4,0,0,,2_254_33_255
,Cake,259,0,9,,32,28,64,80,0,0,1285,4,0,0,,2_254_33_255
,Jungle,259,0,10,,32,30,64,80,0,0,514,4,0,0,,2_254_33_255
,Music,259,0,10,,38,34,64,80,0,0,257,4,0,0,,2_254_33_255
,Music,259,0,10,,38,34,64,80,0,0,514,4,0,0,,2_254_33_255
,Mountain,259,0,10,,31,26,64,80,0,0,0,4,0,0,,2_254_33_255
,Image,259,0,10,,31,29,64,80,0,0,1285,4,0,0,,2_254_33_255
,Cave,259,0,10,,42,39,64,80,0,0,257,4,0,0,,2_254_33_255
,Cake,259,0,10,,32,28,64,80,0,0,1285,4,0,0,,2_254_33_255
,Jungle,259,0,11,,32,30,64,80,0,0,514,4,0,0,,2_254_33_255
,Jungle,259,0,11,,32,30,64,80,0,0,257,4,0,0,,2_254_33_255
,Music,259,0,11,,38,34,64,80,0,0,257,4,0,0,,2_254_33_255
,Music,259,0,11,,38,34,64,80,0,0,514,4,0,0,,2_254_33_255
,Mountain,259,0,11,,31,26,64,80,0,0,0,4,0,0,,2_254_33_255
,Mountain,259,0,11,,31,26,64,80,0,0,257,4,0,0,,2_254_33_255
,Image,259,0,11,,31,29,64,80,0,0,1285,4,0,0,,2_254_33_255
,Cave,259,0,11,,42,39,64,80,0,0,257,4,0,0,,2_254_33_255
,Cake,259,0,11,,32,28,64,80,0,0,1285,4,0,0,,2_254_33_255
,Jungle,259,0,12,,32,30,64,80,0,0,514,4,0,0,,2_254_33_255
,Jungle,259,0,12,,32,30,64,80,0,0,257,4,0,0,,2_254_33_255
,Music,259,0,12,,38,34,64,80,0,0,257,4,0,0,,2_254_33_255
,Music,259,0,12,,38,34,64,80,0,0,514,4,0,0,,2_254_33_255
,Mountain,259,0,12,,31,26,64,80,0,0,0,4,0,0,,2_254_33_255
,Mountain,259,0,12,,31,26,64,80,0,0,257,4,0,0,,2_254_33_255
,Image,259,0,12,,31,29,64,80,0,0,1285,4,0,0,,2_254_33_255
,Cave,259,0,12,,42,39,64,80,0,0,257,4,0,0,,2_254_33_255
,Cake,259,0,12,,32,28,64,80,0,0,1285,4,0,0,,2_254_33_255
,Jungle,259,0,13,,32,30,64,80,0,0,514,4,0,0,,2_254_33_255
,Jungle,259,0,13,,32,30,64,80,0,0,257,4,0,0,,2_254_33_255
,Music,259,0,13,,38,34,64,80,0,0,257,4,0,0,,2_254_33_255
,Music,259,0,13,,38,34,64,80,0,0,514,4,0,0,,2_254_33_255
,Mountain,259,0,13,,31,26,64,80,0,0,0,4,0,0,,2_254_33_255
,Mountain,259,0,13,,31,26,64,80,0,0,257,4,0,0,,2_254_33_255
,Image,259,0,13,,31,29,64,80,0,0,1285,4,0,0,,2_254_33_255
,Cave,259,0,13,,42,39,64,80,0,0,257,4,0,0,,2_254_33_255
,Cake,259,0,13,,32,28,64,80,0,0,1285,4,0,0,,2_254_33_255
,Jungle,259,0,14,,32,30,64,80,0,0,514,4,0,0,,2_254_33_255
,Jungle,259,0,14,,32,30,64,80,0,0,257,4,0,0,,2_254_33_255
,Music,259,0,14,,38,34,64,80,0,0,257,4,0,0,,2_254_33_255
,Music,259,0,14,,38,34,64,80,0,0,514,4,0,0,,2_254_33_255
,Mountain,259,0,14,,31,26,64,80,0,0,0,4,0,0,,2_254_33_255
,Mountain,259,0,14,,31,26,64,80,0,0,257,4,0,0,,2_254_33_255
,Image,259,0,14,,31,29,64,80,0,0,1285,4,0,0,,2_254_33_255
,Cave,259,0,14,,42,39,64,80,0,0,257,4,0,0,,2_254_33_255
,Cake,259,0,14,,32,28,64,80,0,0,1285,4,0,0,,2_254_33_255
,Jungle,259,0,15,,32,30,64,80,0,0,257,4,0,0,,2_254_33_255
,Music,259,0,15,,38,34,64,80,0,0,257,4,0,0,,2_254_33_255
,Music,259,0,15,,38,34,64,80,0,0,514,4,0,0,,2_254_33_255
,Mountain,259,0,15,,31,26,64,80,0,0,0,4,0,0,,2_254_33_255
,Image,259,0,15,,31,29,64,80,0,0,1285,4,0,0,,2_254_33_255
,Cave,259,0,15,,42,39,64,80,0,0,257,4,0,0,,2_254_33_255
,Cake,259,0,15,,32,28,64,80,0,0,1285,4,0,0,,2_254_33_255
,Jungle,259,0,16,,32,30,64,80,0,0,514,4,0,0,,2_254_33_255
,Jungle,259,0,17,,32,30,64,80,0,0,514,4,0,0,,2_254_33_255
,Jungle,259,0,17,,32,30,64,80,0,0,257,4,0,0,,2_254_33_255
,Music,259,0,17,,38,34,64,80,0,0,257,4,0,0,,2_254_33_255
,Music,259,0,17,,38,34,64,80,0,0,514,4,0,0,,2_254_33_255
,Mountain,259,0,17,,31,26,64,80,0,0,0,4,0,0,,2_254_33_255
,Mountain,259,0,17,,31,26,64,80,0,0,257,4,0,0,,2_254_33_255
,Image,259,0,17,,31,29,64,80,0,0,1285,4,0,0,,2_254_33_255
,Cave,259,0,17,,42,39,64,80,0,0,257,4,0,0,,2_254_33_255
,Cake,259,0,17,,32,28,64,80,0,0,1285,4,0,0,,2_254_33_255
,Jungle,259,0,18,,32,30,64,80,0,0,514,4,0,0,,2_254_33_255
,Jungle,259,0,18,,32,30,64,80,0,0,257,4,0,0,,2_254_33_255
,Music,259,0,18,,38,34,64,80,0,0,257,4,0,0,,2_254_33_255
,Music,259,0,18,,38,34,64,80,0,0,514,4,0,0,,2_254_33_255
,Mountain,259,0,18,,31,26,64,80,0,0,0,4,0,0,,2_254_33_255
,Mountain,259,0,18,,31,26,64,80,0,0,257,4,0,0,,2_254_33_255
,Image,259,0,18,,31,29,64,80,0,0,1285,4,0,0,,2_254_33_255
,Cave,259,0,18,,42,39,64,80,0,0,257,4,0,0,,2_254_33_255
,Cake,259,0,18,,32,28,64,80,0,0,1285,4,0,0,,2_254_33_255
,Jungle,259,0,19,,32,30,64,80,0,0,514,4,0,0,,2_254_33_255
,Jungle,259,0,19,,32,30,64,80,0,0,257,4,0,0,,2_254_33_255
,Music,259,0,19,,38,34,64,80,0,0,257,4,0,0,,2_254_33_255
,Music,259,0,19,,38,34,64,80,0,0,514,4,0,0,,2_254_33_255
,Mountain,259,0,19,,31,26,64,80,0,0,0,4,0,0,,2_254_33_255
,Mountain,259,0,19,,31,26,64,80,0,0,257,4,0,0,,2_254_33_255
,Image,259,0,19,,31,29,64,80,0,0,1285,4,0,0,,2_254_33_255
,Cave,259,0,19,,42,39,64,80,0,0,257,4,0,0,,2_254_33_255
,Cake,259,0,19,,32,28,64,80,0,0,1285,4,0,0,,2_254_33_255
,Jungle,259,0,20,,32,30,64,80,0,0,514,4,0,0,,2_254_33_255
,Jungle,259,0,20,,32,30,64,80,0,0,257,4,0,0,,2_254_33_255
,Music,259,0,20,,38,34,64,80,0,0,257,4,0,0,,2_254_33_255
,Music,259,0,20,,38,34,64,80,0,0,514,4,0,0,,2_254_33_255
,Mountain,259,0,20,,31,26,64,80,0,0,0,4,0,0,,2_254_33_255
,Mountain,259,0,20,,31,26,64,80,0,0,257,4,0,0,,2_254_33_255
,Image,259,0,20,,31,29,64,80,0,0,1285,4,0,0,,2_254_33_255
,Cave,259,0,20,,42,39,64,80,0,0,257,4,0,0,,2_254_33_255
,Cake,259,0,20,,32,28,64,80,0,0,1285,4,0,0,,2_254_33_255
,Jungle,259,0,21,,32,30,64,80,0,0,514,4,0,0,,2_254_33_255
,Jungle,259,0,21,,32,30,64,80,0,0,257,4,0,0,,2_254_33_255
,Music,259,0,21,,38,34,64,80,0,0,257,4,0,0,,2_254_33_255
,Image,259,0,21,,31,29,64,80,0,0,1285,4,0,0,,2_254_33_255
,Cave,259,0,21,,42,39,64,80,0,0,257,4,0,0,,2_254_33_255
,Cake,259,0,21,,32,28,64,80,0,0,1285,4,0,0,,2_254_33_255
,Jungle,259,0,22,,32,30,64,80,0,0,514,4,0,0,,2_254_33_255
,Jungle,259,0,22,,32,30,64,80,0,0,257,4,0,0,,2_254_33_255
,Music,259,0,22,,38,34,64,80,0,0,257,4,0,0,,2_254_33_255
,Mountain,259,0,22,,31,26,64,80,0,0,0,4,0,0,,2_254_33_255
,Image,259,0,22,,31,29,64,80,0,0,1285,4,0,0,,2_254_33_255
,Cave,259,0,22,,42,39,64,80,0,0,257,4,0,0,,2_254_33_255
,Cake,259,0,22,,32,28,64,80,0,0,1285,4,0,0,,2_254_33_255
,Jungle,259,0,23,,32,30,64,80,0,0,514,4,0,0,,2_254_33_255
,Mountain,259,0,23,,31,26,64,80,0,0,0,4,0,0,,2_254_33_255
,Image,259,0,23,,31,29,64,80,0,0,1285,4,0,0,,2_254_33_255
,Cave,259,0,23,,42,39,64,80,0,0,257,4,0,0,,2_254_33_255
,Cake,259,0,23,,32,28,64,80,0,0,1285,4,0,0,,2_254_33_255
,Jungle,259,0,24,,32,30,64,80,0,0,514,4,0,0,,2_254_33_255
,Jungle,259,0,24,,32,30,64,80,0,0,257,4,0,0,,2_254_33_255
,Music,259,0,24,,38,34,64,80,0,0,257,4,0,0,,2_254_33_255
,Music,259,0,24,,38,34,64,80,0,0,514,4,0,0,,2_254_33_255
,Mountain,259,0,24,,31,26,64,80,0,0,257,4,0,0,,2_254_33_255
,Image,259,0,24,,31,29,64,80,0,0,1285,4,0,0,,2_254_33_255
,Cake,259,0,24,,32,28,64,80,0,0,1285,4,0,0,,2_254_33_255
,Music,259,0,25,,38,34,64,80,0,0,257,4,0,0,,2_254_33_255
,Jungle,259,0,26,,32,30,64,80,0,0,771,4,0,0,,2_254_33_255
,Jungle,259,0,26,,32,30,64,80,0,0,257,4,0,0,,2_254_33_255
,Music,259,0,26,,38,34,64,80,0,0,257,4,0,0,,2_254_33_255
,Cave,259,0,26,,42,39,64,80,0,0,257,4,0,0,,2_254_33_255
,Jungle,259,0,28,,32,30,64,80,0,0,257,4,0,0,,2_254_33_255
,Jungle,259,0,28,,32,30,64,80,0,0,771,4,0,0,,2_254_33_255
,Music,259,0,28,,38,34,64,80,0,0,257,4,0,0,,2_254_33_255
,Music,259,0,28,,38,34,64,80,0,0,771,4,0,0,,2_254_33_255
,Music,259,0,28,,38,34,64,80,0,0,514,4,0,0,,2_254_33_255
,Cave,259,0,29,,42,39,64,80,0,0,257,4,0,0,,2_254_33_255
,Jungle,259,0,30,,32,30,64,80,0,0,257,4,0,0,,2_254_33_255
,Music,259,0,30,,38,34,64,80,0,0,257,4,0,0,,2_254_33_255
,Jungle,259,0,32,,32,30,64,80,0,0,257,4,0,0,,2_254_33_255
,Music,259,0,32,,38,34,64,80,0,0,771,4,0,0,,2_254_33_255
,Music,259,0,32,,38,34,64,80,0,0,514,4,0,0,,2_254_33_255
,Cave,259,0,32,,42,39,64,80,0,0,257,4,0,0,,2_254_33_255
,Music,259,0,34,,38,34,64,80,0,0,771,4,0,0,,2_254_33_255
,Cake,259,0,49,,32,28,64,80,0,0,1285,4,0,0,,2_254_33_255
,Jungle,259,0,60,,32,30,64,80,0,0,514,4,0,0,,2_254_33_255
,Music,259,0,62,,38,34,64,80,0,0,257,4,0,0,,2_254_33_255
,Jungle,260,0,0,,31,29,64,80,0,0,257,4,0,0,,2_254_33_255
,Jungle,260,0,0,,31,29,64,80,0,0,771,4,0,0,,2_254_33_255
,Music,260,0,0,,37,33,64,80,0,0,771,4,0,0,,2_254_33_255
,Music,260,0,0,,37,33,64,80,0,0,257,4,0,0,,2_254_33_255
,Music,260,0,0,,37,33,64,80,0,0,514,4,0,0,,2_254_33_255
,Mountain,260,0,0,,30,25,64,80,0,0,0,4,0,0,,2_254_33_255
,Image,260,0,0,,30,28,64,80,0,0,257,4,0,0,,2_254_33_255
,Cave,260,0,0,,41,38,64,80,0,0,257,4,0,0,,2_254_33_255
,Cake,260,0,0,,31,27,64,80,0,0,0,4,0,0,,2_254_33_255
,Cake,260,0,0,,31,27,64,80,0,0,257,4,0,0,,2_254_33_255
,Cake,260,0,0,,31,27,64,80,0,0,1285,4,0,0,,2_254_33_255
,Jungle,260,0,1,,31,29,64,80,0,0,771,4,0,0,,2_254_33_255
,Jungle,260,0,1,,31,29,64,80,0,0,257,4,0,0,,2_254_33_255
,Music,260,0,1,,37,33,64,80,0,0,771,4,0,0,,2_254_33_255
,Music,260,0,1,,37,33,64,80,0,0,257,4,0,0,,2_254_33_255
,Music,260,0,1,,37,33,64,80,0,0,514,4,0,0,,2_254_33_255
,Mountain,260,0,1,,30,25,64,80,0,0,0,4,0,0,,2_254_33_255
,Image,260,0,1,,30,28,64,80,0,0,257,4,0,0,,2_254_33_255
,Cave,260,0,1,,41,38,64,80,0,0,257,4,0,0,,2_254_33_255
,Cake,260,0,1,,31,27,64,80,0,0,0,4,0,0,,2_254_33_255
,Cake,260,0,1,,31,27,64,80,0,0,257,4,0,0,,2_254_33_255
,Cake,260,0,1,,31,27,64,80,0,0,1285,4,0,0,,2_254_33_255
,Jungle,260,0,2,,31,29,64,80,0,0,771,4,0,0,,2_254_33_255
,Jungle,260,0,2,,31,29,64,80,0,0,257,4,0,0,,2_254_33_255
,Music,260,0,2,,37,33,64,80,0,0,771,4,0,0,,2_254_33_255
,Music,260,0,2,,37,33,64,80,0,0,257,4,0,0,,2_254_33_255
,Music,260,0,2,,37,33,64,80,0,0,514,4,0,0,,2_254_33_255
,Mountain,260,0,2,,30,25,64,80,0,0,0,4,0,0,,2_254_33_255
,Image,260,0,2,,30,28,64,80,0,0,257,4,0,0,,2_254_33_255
,Cave,260,0,2,,41,38,64,80,0,0,257,4,0,0,,2_254_33_255
,Cave,260,0,2,,41,38,64,80,0,0,1285,4,0,0,,2_254_33_255
,Cave,260,0,2,,41,38,64,80,0,0,771,4,0,0,,2_254_33_255
,Cake,260,0,2,,31,27,64,80,0,0,0,4,0,0,,2_254_33_255
,Cake,260,0,2,,31,27,64,80,0,0,257,4,0,0,,2_254_33_255
,Cake,260,0,2,,31,27,64,80,0,0,1285,4,0,0,,2_254_33_255
,Jungle,260,0,3,,31,29,64,80,0,0,257,4,0,0,,2_254_33_255
,Jungle,260,0,3,,31,29,64,80,0,0,771,4,0,0,,2_254_33_255
,Music,260,0,3,,37,33,64,80,0,0,771,4,0,0,,2_254_33_255
,Music,260,0,3,,37,33,64,80,0,0,257,4,0,0,,2_254_33_255
,Music,260,0,3,,37,33,64,80,0,0,514,4,0,0,,2_254_33_255
,Mountain,260,0,3,,30,25,64,80,0,0,0,4,0,0,,2_254_33_255
,Image,260,0,3,,30,28,64,80,0,0,257,4,0,0,,2_254_33_255
,Cave,260,0,3,,41,38,64,80,0,0,257,4,0,0,,2_254_33_255
,Cave,260,0,3,,41,38,64,80,0,0,1285,4,0,0,,2_254_33_255
,Cave,260,0,3,,41,38,64,80,0,0,771,4,0,0,,2_254_33_255
,Cake,260,0,3,,31,27,64,80,0,0,257,4,0,0,,2_254_33_255
,Cake,260,0,3,,31,27,64,80,0,0,0,4,0,0,,2_254_33_255
,Cake,260,0,3,,31,27,64,80,0,0,1285,4,0,0,,2_254_33_255
,Jungle,260,0,4,,31,29,64,80,0,0,771,4,0,0,,2_254_33_255
,Jungle,260,0,4,,31,29,64,80,0,0,257,4,0,0,,2_254_33_255
,Music,260,0,4,,37,33,64,80,0,0,771,4,0,0,,2_254_33_255
,Music,260,0,4,,37,33,64,80,0,0,257,4,0,0,,2_254_33_255
,Music,260,0,4,,37,33,64,80,0,0,514,4,0,0,,2_254_33_255
,Mountain,260,0,4,,30,25,64,80,0,0,0,4,0,0,,2_254_33_255
,Image,260,0,4,,30,28,64,80,0,0,257,4,0,0,,2_254_33_255
,Cave,260,0,4,,41,38,64,80,0,0,257,4,0,0,,2_254_33_255
,Cave,260,0,4,,41,38,64,80,0,0,1285,4,0,0,,2_254_33_255
,Cave,260,0,4,,41,38,64,80,0,0,771,4,0,0,,2_254_33_255
,Cake,260,0,4,,31,27,64,80,0,0,0,4,0,0,,2_254_33_255
,Cake,260,0,4,,31,27,64,80,0,0,257,4,0,0,,2_254_33_255
,Cake,260,0,4,,31,27,64,80,0,0,1285,4,0,0,,2_254_33_255
,Jungle,260,0,5,,31,29,64,80,0,0,257,4,0,0,,2_254_33_255
,Jungle,260,0,5,,31,29,64,80,0,0,771,4,0,0,,2_254_33_255
,Music,260,0,5,,37,33,64,80,0,0,771,4,0,0,,2_254_33_255
,Music,260,0,5,,37,33,64,80,0,0,257,4,0,0,,2_254_33_255
,Music,260,0,5,,37,33,64,80,0,0,514,4,0,0,,2_254_33_255
,Mountain,260,0,5,,30,25,64,80,0,0,0,4,0,0,,2_254_33_255
,Image,260,0,5,,30,28,64,80,0,0,257,4,0,0,,2_254_33_255
,Cave,260,0,5,,41,38,64,80,0,0,257,4,0,0,,2_254_33_255
,Cave,260,0,5,,41,38,64,80,0,0,1285,4,0,0,,2_254_33_255
,Cake,260,0,5,,31,27,64,80,0,0,0,4,0,0,,2_254_33_255
,Cake,260,0,5,,31,27,64,80,0,0,257,4,0,0,,2_254_33_255
,Cake,260,0,5,,31,27,64,80,0,0,1285,4,0,0,,2_254_33_255
,Jungle,260,0,6,,31,29,64,80,0,0,771,4,0,0,,2_254_33_255
,Jungle,260,0,6,,31,29,64,80,0,0,257,4,0,0,,2_254_33_255
,Music,260,0,6,,37,33,64,80,0,0,771,4,0,0,,2_254_33_255
,Music,260,0,6,,37,33,64,80,0,0,257,4,0,0,,2_254_33_255
,Music,260,0,6,,37,33,64,80,0,0,514,4,0,0,,2_254_33_255
,Mountain,260,0,6,,30,25,64,80,0,0,0,4,0,0,,2_254_33_255
,Image,260,0,6,,30,28,64,80,0,0,257,4,0,0,,2_254_33_255
,Cave,260,0,6,,41,38,64,80,0,0,257,4,0,0,,2_254_33_255
,Cake,260,0,6,,31,27,64,80,0,0,0,4,0,0,,2_254_33_255
,Cake,260,0,6,,31,27,64,80,0,0,257,4,0,0,,2_254_33_255
,Jungle,260,0,7,,31,29,64,80,0,0,257,4,0,0,,2_254_33_255
,Jungle,260,0,7,,31,29,64,80,0,0,771,4,0,0,,2_254_33_255
,Music,260,0,7,,37,33,64,80,0,0,771,4,0,0,,2_254_33_255
,Music,260,0,7,,37,33,64,80,0,0,257,4,0,0,,2_254_33_255
,Music,260,0,7,,37,33,64,80,0,0,514,4,0,0,,2_254_33_255
,Mountain,260,0,7,,30,25,64,80,0,0,0,4,0,0,,2_254_33_255
,Image,260,0,7,,30,28,64,80,0,0,257,4,0,0,,2_254_33_255
,Cave,260,0,7,,41,38,64,80,0,0,257,4,0,0,,2_254_33_255
,Cake,260,0,7,,31,27,64,80,0,0,257,4,0,0,,2_254_33_255
,Cake,260,0,7,,31,27,64,80,0,0,0,4,0,0,,2_254_33_255
,Cake,260,0,7,,31,27,64,80,0,0,1285,4,0,0,,2_254_33_255
,Jungle,260,0,8,,31,29,64,80,0,0,257,4,0,0,,2_254_33_255
,Jungle,260,0,8,,31,29,64,80,0,0,771,4,0,0,,2_254_33_255
,Music,260,0,8,,37,33,64,80,0,0,771,4,0,0,,2_254_33_255
,Music,260,0,8,,37,33,64,80,0,0,257,4,0,0,,2_254_33_255
,Music,260,0,8,,37,33,64,80,0,0,514,4,0,0,,2_254_33_255
,Mountain,260,0,8,,30,25,64,80,0,0,0,4,0,0,,2_254_33_255
,Image,260,0,8,,30,28,64,80,0,0,257,4,0,0,,2_254_33_255
,Cave,260,0,8,,41,38,64,80,0,0,257,4,0,0,,2_254_33_255
,Cave,260,0,8,,41,38,64,80,0,0,771,4,0,0,,2_254_33_255
,Cake,260,0,8,,31,27,64,80,0,0,257,4,0,0,,2_254_33_255
,Cake,260,0,8,,31,27,64,80,0,0,0,4,0,0,,2_254_33_255
,Jungle,260,0,9,,31,29,64,80,0,0,257,4,0,0,,2_254_33_255
,Jungle,260,0,9,,31,29,64,80,0,0,771,4,0,0,,2_254_33_255
,Music,260,0,9,,37,33,64,80,0,0,771,4,0,0,,2_254_33_255
,Music,260,0,9,,37,33,64,80,0,0,257,4,0,0,,2_254_33_255
,Music,260,0,9,,37,33,64,80,0,0,514,4,0,0,,2_254_33_255
,Mountain,260,0,9,,30,25,64,80,0,0,0,4,0,0,,2_254_33_255
,Image,260,0,9,,30,28,64,80,0,0,257,4,0,0,,2_254_33_255
,Cake,260,0,9,,31,27,64,80,0,0,257,4,0,0,,2_254_33_255
,Cake,260,0,9,,31,27,64,80,0,0,0,4,0,0,,2_254_33_255
,Cake,260,0,9,,31,27,64,80,0,0,1028,4,0,0,,2_254_33_255
,Cake,260,0,9,,31,27,64,80,0,0,1285,4,0,0,,2_254_33_255
,Music,262,0,0,,34,30,64,64,0,0,1,4,0,0,,30_254_33_255
,Music,262,0,0,,34,30,64,64,0,0,2,4,0,0,,30_254_33_255
,Music,262,0,0,,34,30,64,64,0,0,0,4,0,0,,30_254_33_255
,Music,262,0,0,,34,30,64,64,0,0,6,4,0,0,,30_254_33_255
,Music,262,0,0,,34,30,64,64,0,0,5,4,0,0,,30_254_33_255
,Music,262,0,0,,34,30,64,64,0,0,7,4,0,0,,30_254_33_255
,Music,262,0,0,,34,30,64,64,0,0,4,4,0,0,,30_254_33_255
,Music,262,0,0,,34,30,64,64,0,0,9,4,0,0,,30_254_33_255
,Music,262,0,0,,34,30,64,64,0,0,11,4,0,0,,30_254_33_255
,Music,262,0,0,,34,30,64,64,0,0,10,4,0,0,,30_254_33_255
,Music,262,0,0,,34,30,64,64,0,0,8,4,0,0,,30_254_33_255
,Music,262,0,0,,32,28,64,64,0,0,4,4,0,0,,30_254_33_255
,Cave,262,0,0,,38,35,64,64,0,0,13,4,0,0,,30_254_33_255
,Cave,262,0,0,,38,35,64,64,0,0,16,4,0,0,,30_254_33_255
,Cave,262,0,0,,38,35,64,64,0,0,12,4,0,0,,30_254_33_255
,Cave,262,0,0,,38,35,64,64,0,0,15,4,0,0,,30_254_33_255
,Cave,262,0,0,,38,35,64,64,0,0,17,4,0,0,,30_254_33_255
,Cave,262,0,0,,38,35,64,64,0,0,14,4,0,0,,30_254_33_255
,Cave,262,0,0,,38,35,64,64,0,0,2,4,0,0,,30_254_33_255
,Cave,262,0,0,,38,35,64,64,0,0,21,4,0,0,,30_254_33_255
,Cave,262,0,0,,38,35,64,64,0,0,25,4,0,0,,30_254_33_255
,Cave,262,0,0,,38,35,64,64,0,0,24,4,0,0,,30_254_33_255
,Cave,262,0,0,,38,35,64,64,0,0,20,4,0,0,,30_254_33_255
,Cave,262,0,0,,38,35,64,64,0,0,19,4,0,0,,30_254_33_255
,Cave,262,0,0,,38,35,64,64,0,0,22,4,0,0,,30_254_33_255
,Cave,262,0,0,,38,35,64,64,0,0,23,4,0,0,,30_254_33_255
,Cave,262,0,0,,38,35,64,64,0,0,18,4,0,0,,30_254_33_255
,Cave,262,0,0,,38,35,64,64,0,0,30,4,0,0,,30_254_33_255
,Cave,262,0,0,,38,35,64,64,0,0,27,4,0,0,,30_254_33_255
,Cave,262,0,0,,38,35,64,64,0,0,6,4,0,0,,30_254_33_255
,Cave,262,0,0,,38,35,64,64,0,0,28,4,0,0,,30_254_33_255
,Cave,262,0,0,,38,35,64,64,0,0,26,4,0,0,,30_254_33_255
,Cave,262,0,0,,38,35,64,64,0,0,29,4,0,0,,30_254_33_255
,Cave,262,0,0,,38,35,64,64,0,0,32,4,0,0,,30_254_33_255
,Cave,262,0,0,,38,35,64,64,0,0,31,4,0,0,,30_254_33_255
,Cave,262,0,0,,38,35,64,64,0,0,35,4,0,0,,30_254_33_255
,Cave,262,0,0,,38,35,64,64,0,0,34,4,0,0,,30_254_33_255
,Cave,262,0,0,,38,35,64,64,0,0,7,4,0,0,,30_254_33_255
,Cave,262,0,0,,38,35,64,64,0,0,33,4,0,0,,30_254_33_255
,Cave,262,0,0,,38,35,64,64,0,0,36,4,0,0,,30_254_33_255
,Cave,262,0,0,,38,35,64,64,0,0,38,4,0,0,,30_254_33_255
,Cave,262,0,0,,38,35,64,64,0,0,37,4,0,0,,30_254_33_255
,Music,262,0,1,,33,29,64,64,0,0,39,4,0,0,,30_254_33_255
,Cave,262,0,1,,37,34,64,64,0,0,45,4,0,0,,30_254_33_255
,Jungle,263,0,0,,30,28,64,64,0,0,4,4,254,0,,30_254_33_255
,Jungle,263,0,0,,30,28,64,64,0,0,149,4,254,0,,30_254_33_255
,Jungle,263,0,0,,30,28,64,64,0,0,217,4,254,0,,30_254_33_255
,Jungle,263,0,0,,30,28,64,64,0,0,155,4,254,0,,30_254_33_255
,Jungle,263,0,0,,30,28,64,64,0,0,150,4,254,0,,30_254_33_255
,Jungle,263,0,0,,30,28,64,64,0,0,146,4,254,0,,30_254_33_255
,Jungle,263,0,0,,30,28,64,64,0,0,3,4,254,0,,30_254_33_255
,Jungle,263,0,0,,30,28,64,64,0,0,2,4,254,0,,30_254_33_255
,Jungle,263,0,0,,30,28,64,64,0,0,147,4,254,0,,30_254_33_255
,Jungle,263,0,0,,30,28,64,64,0,0,167,4,254,0,,30_254_33_255
,Jungle,263,0,0,,30,28,64,64,0,0,165,4,254,0,,30_254_33_255
,Jungle,263,0,0,,30,28,64,64,0,0,166,4,254,0,,30_254_33_255
,Jungle,263,0,0,,30,28,64,64,0,0,152,4,254,0,,30_254_33_255
,Jungle,263,0,0,,30,28,64,64,0,0,151,4,254,0,,30_254_33_255
,Jungle,263,0,0,,30,28,64,64,0,0,168,4,254,0,,30_254_33_255
,Jungle,263,0,0,,30,28,64,64,0,0,169,4,254,0,,30_254_33_255
,Jungle,263,0,0,,30,28,64,64,0,0,162,4,254,0,,30_254_33_255
,Music,263,0,0,,36,32,64,64,0,0,4,4,254,0,,30_254_33_255
,Music,263,0,0,,36,32,64,64,0,0,73,4,254,0,,30_254_33_255
,Music,263,0,0,,36,32,64,64,0,0,143,4,254,0,,30_254_33_255
,Music,263,0,0,,36,32,64,64,0,0,144,4,254,0,,30_254_33_255
,Music,263,0,0,,36,32,64,64,0,0,145,4,254,0,,30_254_33_255
,Music,263,0,0,,36,32,64,64,0,0,0,4,254,0,,30_254_33_255
,Music,263,0,0,,36,32,64,64,0,0,72,4,254,0,,30_254_33_255
,Music,263,0,0,,36,32,64,64,0,0,91,4,254,0,,30_254_33_255
,Music,263,0,0,,36,32,64,64,0,0,249,4,254,0,,30_254_33_255
,Music,263,0,0,,36,32,64,64,0,0,102,4,254,0,,30_254_33_255
,Music,263,0,0,,36,32,64,64,0,0,80,4,254,0,,30_254_33_255
,Music,263,0,0,,36,32,64,64,0,0,75,4,254,0,,30_254_33_255
,Music,263,0,0,,36,32,64,64,0,0,124,4,254,0,,30_254_33_255
,Music,263,0,0,,36,32,64,64,0,0,252,4,254,0,,30_254_33_255
,Music,263,0,0,,36,32,64,64,0,0,135,4,254,0,,30_254_33_255
,Music,263,0,0,,36,32,64,64,0,0,113,4,254,0,,30_254_33_255
,Music,263,0,0,,36,32,64,64,0,0,76,4,254,0,,30_254_33_255
,Music,263,0,0,,36,32,64,64,0,0,140,4,254,0,,30_254_33_255
,Music,263,0,0,,36,32,64,64,0,0,83,4,254,0,,30_254_33_255
,Music,263,0,0,,36,32,64,64,0,0,82,4,254,0,,30_254_33_255
,Music,263,0,0,,36,32,64,64,0,0,141,4,254,0,,30_254_33_255
,Music,263,0,0,,36,32,64,64,0,0,5,4,254,0,,30_254_33_255
,Music,263,0,0,,36,32,64,64,0,0,84,4,254,0,,30_254_33_255
,Music,263,0,0,,36,32,64,64,0,0,85,4,254,0,,30_254_33_255
,Music,263,0,0,,36,32,64,64,0,0,142,4,254,0,,30_254_33_255
,Music,263,0,0,,36,32,64,64,0,0,81,4,254,0,,30_254_33_255
,Music,263,0,0,,36,32,64,64,0,0,69,4,254,0,,30_254_33_255
,Music,263,0,0,,36,32,64,64,0,0,3,4,254,0,,30_254_33_255
,Music,263,0,0,,36,32,64,64,0,0,2,4,254,0,,30_254_33_255
,Music,263,0,0,,36,32,64,64,0,0,68,4,254,0,,30_254_33_255
,Music,263,0,0,,36,32,64,64,0,0,174,4,254,0,,30_254_33_255
,Music,263,0,0,,36,32,64,64,0,0,175,4,254,0,,30_254_33_255
,Music,263,0,0,,36,32,64,64,0,0,176,4,254,0,,30_254_33_255
,Music,263,0,0,,36,32,64,64,0,0,170,4,254,0,,30_254_33_255
,Music,263,0,0,,36,32,64,64,0,0,171,4,254,0,,30_254_33_255
,Music,263,0,0,,36,32,64,64,0,0,79,4,254,0,,30_254_33_255
,Music,263,0,0,,36,32,64,64,0,0,77,4,254,0,,30_254_33_255
,Music,263,0,0,,36,32,64,64,0,0,179,4,254,0,,30_254_33_255
,Music,263,0,0,,36,32,64,64,0,0,180,4,254,0,,30_254_33_255
,Music,263,0,0,,36,32,64,64,0,0,158,4,254,0,,30_254_33_255
,Mountain,263,0,0,,29,24,64,64,0,0,4,4,254,0,,30_254_33_255
,Mountain,263,0,0,,29,24,64,64,0,0,174,4,254,0,,30_254_33_255
,Mountain,263,0,0,,29,24,64,64,0,0,185,4,254,0,,30_254_33_255
,Mountain,263,0,0,,29,24,64,64,0,0,188,4,254,0,,30_254_33_255
,Mountain,263,0,0,,29,24,64,64,0,0,189,4,254,0,,30_254_33_255
,Mountain,263,0,0,,29,24,64,64,0,0,171,4,254,0,,30_254_33_255
,Mountain,263,0,0,,29,24,64,64,0,0,3,4,254,0,,30_254_33_255
,Mountain,263,0,0,,29,24,64,64,0,0,2,4,254,0,,30_254_33_255
,Mountain,263,0,0,,29,24,64,64,0,0,172,4,254,0,,30_254_33_255
,Mountain,263,0,0,,29,24,64,64,0,0,201,4,254,0,,30_254_33_255
,Mountain,263,0,0,,29,24,64,64,0,0,204,4,254,0,,30_254_33_255
,Mountain,263,0,0,,29,24,64,64,0,0,236,4,254,0,,30_254_33_255
,Mountain,263,0,0,,29,24,64,64,0,0,247,4,254,0,,30_254_33_255
,Mountain,263,0,0,,29,24,64,64,0,0,35,4,254,0,,30_254_33_255
,Mountain,263,0,0,,29,24,64,64,0,0,46,4,254,0,,30_254_33_255
,Mountain,263,0,0,,29,24,64,64,0,0,13,4,254,0,,30_254_33_255
,Mountain,263,0,0,,29,24,64,64,0,0,24,4,254,0,,30_254_33_255
,Mountain,263,0,0,,29,24,64,64,0,0,57,4,254,0,,30_254_33_255
,Mountain,263,0,0,,29,24,64,64,0,0,205,4,254,0,,30_254_33_255
,Mountain,263,0,0,,29,24,64,64,0,0,216,4,254,0,,30_254_33_255
,Mountain,263,0,0,,29,24,64,64,0,0,227,4,254,0,,30_254_33_255
,Mountain,263,0,0,,29,24,64,64,0,0,229,4,254,0,,30_254_33_255
,Mountain,263,0,0,,29,24,64,64,0,0,230,4,254,0,,30_254_33_255
,Mountain,263,0,0,,29,24,64,64,0,0,231,4,254,0,,30_254_33_255
,Mountain,263,0,0,,29,24,64,64,0,0,232,4,254,0,,30_254_33_255
,Mountain,263,0,0,,29,24,64,64,0,0,233,4,254,0,,30_254_33_255
,Mountain,263,0,0,,29,24,64,64,0,0,234,4,254,0,,30_254_33_255
,Mountain,263,0,0,,29,24,64,64,0,0,235,4,254,0,,30_254_33_255
,Mountain,263,0,0,,29,24,64,64,0,0,241,4,254,0,,30_254_33_255
,Mountain,263,0,0,,29,24,64,64,0,0,237,4,254,0,,30_254_33_255
,Mountain,263,0,0,,29,24,64,64,0,0,238,4,254,0,,30_254_33_255
,Mountain,263,0,0,,29,24,64,64,0,0,240,4,254,0,,30_254_33_255
,Mountain,263,0,0,,29,24,64,64,0,0,239,4,254,0,,30_254_33_255
,Mountain,263,0,0,,29,24,64,64,0,0,203,4,254,0,,30_254_33_255
,Mountain,263,0,0,,29,24,64,64,0,0,242,4,254,0,,30_254_33_255
,Mountain,263,0,0,,29,24,64,64,0,0,243,4,254,0,,30_254_33_255
,Mountain,263,0,0,,29,24,64,64,0,0,244,4,254,0,,30_254_33_255
,Mountain,263,0,0,,29,24,64,64,0,0,245,4,254,0,,30_254_33_255
,Mountain,263,0,0,,29,24,64,64,0,0,246,4,254,0,,30_254_33_255
,Mountain,263,0,0,,29,24,64,64,0,0,248,4,254,0,,30_254_33_255
,Mountain,263,0,0,,29,24,64,64,0,0,249,4,254,0,,30_254_33_255
,Mountain,263,0,0,,29,24,64,64,0,0,250,4,254,0,,30_254_33_255
,Mountain,263,0,0,,29,24,64,64,0,0,197,4,254,0,,30_254_33_255
,Mountain,263,0,0,,29,24,64,64,0,0,198,4,254,0,,30_254_33_255
,Mountain,263,0,0,,29,24,64,64,0,0,195,4,254,0,,30_254_33_255
,Mountain,263,0,0,,29,24,64,64,0,0,196,4,254,0,,30_254_33_255
,Mountain,263,0,0,,29,24,64,64,0,0,202,4,254,0,,30_254_33_255
,Mountain,263,0,0,,29,24,64,64,0,0,163,4,254,0,,30_254_33_255
,Image,263,0,0,,29,27,64,64,0,0,228,4,254,0,,30_254_33_255
,Image,263,0,0,,29,27,64,64,0,0,239,4,254,0,,30_254_33_255
,Image,263,0,0,,29,27,64,64,0,0,4,4,254,0,,30_254_33_255
,Image,263,0,0,,29,27,64,64,0,0,9,4,254,0,,30_254_33_255
,Image,263,0,0,,29,27,64,64,0,0,217,4,254,0,,30_254_33_255
,Image,263,0,0,,29,27,64,64,0,0,59,4,254,0,,30_254_33_255
,Image,263,0,0,,29,27,64,64,0,0,221,4,254,0,,30_254_33_255
,Image,263,0,0,,29,27,64,64,0,0,250,4,254,0,,30_254_33_255
,Image,263,0,0,,29,27,64,64,0,0,123,4,254,0,,30_254_33_255
,Image,263,0,0,,29,27,64,64,0,0,222,4,254,0,,30_254_33_255
,Image,263,0,0,,29,27,64,64,0,0,212,4,254,0,,30_254_33_255
,Image,263,0,0,,29,27,64,64,0,0,220,4,254,0,,30_254_33_255
,Image,263,0,0,,29,27,64,64,0,0,108,4,254,0,,30_254_33_255
,Image,263,0,0,,29,27,64,64,0,0,219,4,254,0,,30_254_33_255
,Image,263,0,0,,29,27,64,64,0,0,5,4,254,0,,30_254_33_255
,Image,263,0,0,,29,27,64,64,0,0,72,4,254,0,,30_254_33_255
,Image,263,0,0,,29,27,64,64,0,0,224,4,254,0,,30_254_33_255
,Image,263,0,0,,29,27,64,64,0,0,223,4,254,0,,30_254_33_255
,Image,263,0,0,,29,27,64,64,0,0,137,4,254,0,,30_254_33_255
,Image,263,0,0,,29,27,64,64,0,0,8,4,254,0,,30_254_33_255
,Image,263,0,0,,29,27,64,64,0,0,97,4,254,0,,30_254_33_255
,Image,263,0,0,,29,27,64,64,0,0,7,4,254,0,,30_254_33_255
,Image,263,0,0,,29,27,64,64,0,0,86,4,254,0,,30_254_33_255
,Image,263,0,0,,29,27,64,64,0,0,6,4,254,0,,30_254_33_255
,Image,263,0,0,,29,27,64,64,0,0,218,4,254,0,,30_254_33_255
,Image,263,0,0,,29,27,64,64,0,0,227,4,254,0,,30_254_33_255
,Image,263,0,0,,29,27,64,64,0,0,229,4,254,0,,30_254_33_255
,Image,263,0,0,,29,27,64,64,0,0,10,4,254,0,,30_254_33_255
,Image,263,0,0,,29,27,64,64,0,0,226,4,254,0,,30_254_33_255
,Image,263,0,0,,29,27,64,64,0,0,148,4,254,0,,30_254_33_255
,Image,263,0,0,,29,27,64,64,0,0,225,4,254,0,,30_254_33_255
,Image,263,0,0,,29,27,64,64,0,0,230,4,254,0,,30_254_33_255
,Image,263,0,0,,29,27,64,64,0,0,231,4,254,0,,30_254_33_255
,Image,263,0,0,,29,27,64,64,0,0,30,4,254,0,,30_254_33_255
,Image,263,0,0,,29,27,64,64,0,0,237,4,254,0,,30_254_33_255
,Image,263,0,0,,29,27,64,64,0,0,53,4,254,0,,30_254_33_255
,Image,263,0,0,,29,27,64,64,0,0,236,4,254,0,,30_254_33_255
,Image,263,0,0,,29,27,64,64,0,0,234,4,254,0,,30_254_33_255
,Image,263,0,0,,29,27,64,64,0,0,235,4,254,0,,30_254_33_255
,Image,263,0,0,,29,27,64,64,0,0,52,4,254,0,,30_254_33_255
,Image,263,0,0,,29,27,64,64,0,0,233,4,254,0,,30_254_33_255
,Image,263,0,0,,29,27,64,64,0,0,232,4,254,0,,30_254_33_255
,Image,263,0,0,,29,27,64,64,0,0,241,4,254,0,,30_254_33_255
,Image,263,0,0,,29,27,64,64,0,0,242,4,254,0,,30_254_33_255
,Image,263,0,0,,29,27,64,64,0,0,49,4,254,0,,30_254_33_255
,Image,263,0,0,,29,27,64,64,0,0,240,4,254,0,,30_254_33_255
,Image,263,0,0,,29,27,64,64,0,0,238,4,254,0,,30_254_33_255
,Image,263,0,0,,29,27,64,64,0,0,55,4,254,0,,30_254_33_255
,Image,263,0,0,,29,27,64,64,0,0,54,4,254,0,,30_254_33_255
,Image,263,0,0,,29,27,64,64,0,0,1,4,254,0,,30_254_33_255
,Image,263,0,0,,29,27,64,64,0,0,248,4,254,0,,30_254_33_255
,Image,263,0,0,,29,27,64,64,0,0,251,4,254,0,,30_254_33_255
,Image,263,0,0,,29,27,64,64,0,0,3,4,254,0,,30_254_33_255
,Image,263,0,0,,29,27,64,64,0,0,244,4,254,0,,30_254_33_255
,Image,263,0,0,,29,27,64,64,0,0,245,4,254,0,,30_254_33_255
,Image,263,0,0,,29,27,64,64,0,0,60,4,254,0,,30_254_33_255
,Image,263,0,0,,29,27,64,64,0,0,63,4,254,0,,30_254_33_255
,Image,263,0,0,,29,27,64,64,0,0,64,4,254,0,,30_254_33_255
,Image,263,0,0,,29,27,64,64,0,0,56,4,254,0,,30_254_33_255
,Image,263,0,0,,29,27,64,64,0,0,58,4,254,0,,30_254_33_255
,Image,263,0,0,,29,27,64,64,0,0,255,4,254,0,,30_254_33_255
,Image,263,0,0,,29,27,64,64,0,0,0,4,254,0,,30_254_33_255
,Image,263,0,0,,29,27,64,64,0,0,243,4,254,0,,30_254_33_255
,Image,263,0,0,,29,27,64,64,0,0,57,4,254,0,,30_254_33_255
,Image,263,0,0,,29,27,64,64,0,0,249,4,254,0,,30_254_33_255
,Image,263,0,0,,29,27,64,64,0,0,253,4,254,0,,30_254_33_255
,Image,263,0,0,,29,27,64,64,0,0,62,4,254,0,,30_254_33_255
,Image,263,0,0,,29,27,64,64,0,0,2,4,254,0,,30_254_33_255
,Image,263,0,0,,29,27,64,64,0,0,246,4,254,0,,30_254_33_255
,Image,263,0,0,,29,27,64,64,0,0,247,4,254,0,,30_254_33_255
,Image,263,0,0,,29,27,64,64,0,0,61,4,254,0,,30_254_33_255
,Image,263,0,0,,29,27,64,64,0,0,254,4,254,0,,30_254_33_255
,Image,263,0,0,,29,27,64,64,0,0,252,4,254,0,,30_254_33_255
,Image,263,0,0,,29,27,64,64,0,0,68,4,254,0,,30_254_33_255
,Image,263,0,0,,29,27,64,64,0,0,73,4,254,0,,30_254_33_255
,Image,263,0,0,,29,27,64,64,0,0,66,4,254,0,,30_254_33_255
,Image,263,0,0,,29,27,64,64,0,0,77,4,254,0,,30_254_33_255
,Image,263,0,0,,29,27,64,64,0,0,213,4,254,0,,30_254_33_255
,Image,263,0,0,,29,27,64,64,0,0,67,4,254,0,,30_254_33_255
,Image,263,0,0,,29,27,64,64,0,0,65,4,254,0,,30_254_33_255
,Image,263,0,0,,29,27,64,64,0,0,70,4,254,0,,30_254_33_255
,Image,263,0,0,,29,27,64,64,0,0,75,4,254,0,,30_254_33_255
,Image,263,0,0,,29,27,64,64,0,0,208,4,254,0,,30_254_33_255
,Image,263,0,0,,29,27,64,64,0,0,209,4,254,0,,30_254_33_255
,Image,263,0,0,,29,27,64,64,0,0,190,4,254,0,,30_254_33_255
,Image,263,0,0,,29,27,64,64,0,0,198,4,254,0,,30_254_33_255
,Image,263,0,0,,29,27,64,64,0,0,200,4,254,0,,30_254_33_255
,Image,263,0,0,,29,27,64,64,0,0,199,4,254,0,,30_254_33_255
,Image,263,0,0,,29,27,64,64,0,0,201,4,254,0,,30_254_33_255
,Image,263,0,0,,29,27,64,64,0,0,202,4,254,0,,30_254_33_255
,Image,263,0,0,,29,27,64,64,0,0,189,4,254,0,,30_254_33_255
,Image,263,0,0,,29,27,64,64,0,0,188,4,254,0,,30_254_33_255
,Image,263,0,0,,29,27,64,64,0,0,215,4,254,0,,30_254_33_255
,Image,263,0,0,,29,27,64,64,0,0,216,4,254,0,,30_254_33_255
,Image,263,0,0,,29,27,64,64,0,0,207,4,254,0,,30_254_33_255
,Image,263,0,0,,29,27,64,64,0,0,206,4,254,0,,30_254_33_255
,Image,263,0,0,,29,27,64,64,0,0,160,4,254,0,,30_254_33_255
,Cave,263,0,0,,40,37,64,64,0,0,12,4,254,0,,30_254_33_255
,Cave,263,0,0,,40,37,64,64,0,0,4,4,254,0,,30_254_33_255
,Cave,263,0,0,,40,37,64,64,0,0,102,4,254,0,,30_254_33_255
,Cave,263,0,0,,40,37,64,64,0,0,15,4,254,0,,30_254_33_255
,Cave,263,0,0,,40,37,64,64,0,0,58,4,254,0,,30_254_33_255
,Cave,263,0,0,,40,37,64,64,0,0,91,4,254,0,,30_254_33_255
,Cave,263,0,0,,40,37,64,64,0,0,113,4,254,0,,30_254_33_255
,Cave,263,0,0,,40,37,64,64,0,0,2,4,254,0,,30_254_33_255
,Cave,263,0,0,,40,37,64,64,0,0,69,4,254,0,,30_254_33_255
,Cave,263,0,0,,40,37,64,64,0,0,5,4,254,0,,30_254_33_255
,Cave,263,0,0,,40,37,64,64,0,0,47,4,254,0,,30_254_33_255
,Cave,263,0,0,,40,37,64,64,0,0,80,4,254,0,,30_254_33_255
,Cave,263,0,0,,40,37,64,64,0,0,38,4,254,0,,30_254_33_255
,Cave,263,0,0,,40,37,64,64,0,0,42,4,254,0,,30_254_33_255
,Cave,263,0,0,,40,37,64,64,0,0,43,4,254,0,,30_254_33_255
,Cave,263,0,0,,40,37,64,64,0,0,27,4,254,0,,30_254_33_255
,Cave,263,0,0,,40,37,64,64,0,0,16,4,254,0,,30_254_33_255
,Cave,263,0,0,,40,37,64,64,0,0,41,4,254,0,,30_254_33_255
,Cave,263,0,0,,40,37,64,64,0,0,40,4,254,0,,30_254_33_255
,Cave,263,0,0,,40,37,64,64,0,0,125,4,254,0,,30_254_33_255
,Cave,263,0,0,,40,37,64,64,0,0,50,4,254,0,,30_254_33_255
,Cave,263,0,0,,40,37,64,64,0,0,45,4,254,0,,30_254_33_255
,Cave,263,0,0,,40,37,64,64,0,0,48,4,254,0,,30_254_33_255
,Cave,263,0,0,,40,37,64,64,0,0,46,4,254,0,,30_254_33_255
,Cave,263,0,0,,40,37,64,64,0,0,44,4,254,0,,30_254_33_255
,Cave,263,0,0,,40,37,64,64,0,0,49,4,254,0,,30_254_33_255
,Cave,263,0,0,,40,37,64,64,0,0,51,4,254,0,,30_254_33_255
,Cave,263,0,0,,40,37,64,64,0,0,52,4,254,0,,30_254_33_255
,Cave,263,0,0,,40,37,64,64,0,0,56,4,254,0,,30_254_33_255
,Cave,263,0,0,,40,37,64,64,0,0,57,4,254,0,,30_254_33_255
,Cave,263,0,0,,40,37,64,64,0,0,55,4,254,0,,30_254_33_255
,Cave,263,0,0,,40,37,64,64,0,0,53,4,254,0,,30_254_33_255
,Cave,263,0,0,,40,37,64,64,0,0,54,4,254,0,,30_254_33_255
,Cave,263,0,0,,40,37,64,64,0,0,59,4,254,0,,30_254_33_255
,Cave,263,0,0,,40,37,64,64,0,0,61,4,254,0,,30_254_33_255
,Cave,263,0,0,,40,37,64,64,0,0,60,4,254,0,,30_254_33_255
,Cave,263,0,0,,40,37,64,64,0,0,10,4,254,0,,30_254_33_255
,Cave,263,0,0,,40,37,64,64,0,0,3,4,254,0,,30_254_33_255
,Cave,263,0,0,,40,37,64,64,0,0,11,4,254,0,,30_254_33_255
,Cave,263,0,0,,40,37,64,64,0,0,206,4,254,0,,30_254_33_255
,Cave,263,0,0,,40,37,64,64,0,0,204,4,254,0,,30_254_33_255
,Cave,263,0,0,,40,37,64,64,0,0,203,4,254,0,,30_254_33_255
,Cave,263,0,0,,40,37,64,64,0,0,205,4,254,0,,30_254_33_255
,Cave,263,0,0,,40,37,64,64,0,0,191,4,254,0,,30_254_33_255
,Cave,263,0,0,,40,37,64,64,0,0,202,4,254,0,,30_254_33_255
,Cave,263,0,0,,40,37,64,64,0,0,207,4,254,0,,30_254_33_255
,Cave,263,0,0,,40,37,64,64,0,0,208,4,254,0,,30_254_33_255
,Cave,263,0,0,,40,37,64,64,0,0,193,4,254,0,,30_254_33_255
,Cave,263,0,0,,40,37,64,64,0,0,192,4,254,0,,30_254_33_255
,Cave,263,0,0,,40,37,64,64,0,0,198,4,254,0,,30_254_33_255
,Cave,263,0,0,,40,37,64,64,0,0,195,4,254,0,,30_254_33_255
,Cave,263,0,0,,40,37,64,64,0,0,197,4,254,0,,30_254_33_255
,Cave,263,0,0,,40,37,64,64,0,0,196,4,254,0,,30_254_33_255
,Cave,263,0,0,,40,37,64,64,0,0,209,4,254,0,,30_254_33_255
,Cave,263,0,0,,40,37,64,64,0,0,194,4,254,0,,30_254_33_255
,Cave,263,0,0,,40,37,64,64,0,0,187,4,254,0,,30_254_33_255
,Cave,263,0,0,,40,37,64,64,0,0,188,4,254,0,,30_254_33_255
,Cave,263,0,0,,40,37,64,64,0,0,14,4,254,0,,30_254_33_255
,Cave,263,0,0,,40,37,64,64,0,0,13,4,254,0,,30_254_33_255
,Cave,263,0,0,,40,37,64,64,0,0,210,4,254,0,,30_254_33_255
,Cave,263,0,0,,40,37,64,64,0,0,211,4,254,0,,30_254_33_255
,Cave,263,0,0,,40,37,64,64,0,0,159,4,254,0,,30_254_33_255
,Cake,263,0,0,,30,26,64,64,0,0,4,4,254,0,,30_254_33_255
,Cake,263,0,0,,30,26,64,64,0,0,2,4,254,0,,30_254_33_255
,Cake,263,0,0,,30,26,64,64,0,0,165,4,254,0,,30_254_33_255
,Cake,263,0,0,,30,26,64,64,0,0,164,4,254,0,,30_254_33_255
,Cake,263,0,0,,30,26,64,64,0,0,162,4,254,0,,30_254_33_255
,Cake,263,0,0,,30,26,64,64,0,0,163,4,254,0,,30_254_33_255
,Cake,263,0,0,,30,26,64,64,0,0,170,4,254,0,,30_254_33_255
,Cake,263,0,0,,30,26,64,64,0,0,161,4,254,0,,30_254_33_255
,Cake,263,0,0,,30,26,64,64,0,0,169,4,254,0,,30_254_33_255
,Cake,263,0,0,,30,26,64,64,0,0,160,4,254,0,,30_254_33_255
,Cake,263,0,0,,30,26,64,64,0,0,152,4,254,0,,30_254_33_255
,Cake,263,0,0,,30,26,64,64,0,0,141,4,254,0,,30_254_33_255
,Cake,263,0,0,,30,26,64,64,0,0,138,4,254,0,,30_254_33_255
,Cake,263,0,0,,30,26,64,64,0,0,144,4,254,0,,30_254_33_255
,Cake,263,0,0,,30,26,64,64,0,0,145,4,254,0,,30_254_33_255
,Cake,263,0,0,,30,26,64,64,0,0,143,4,254,0,,30_254_33_255
,Cake,263,0,0,,30,26,64,64,0,0,146,4,254,0,,30_254_33_255
,Cake,263,0,0,,30,26,64,64,0,0,147,4,254,0,,30_254_33_255
,Cake,263,0,0,,30,26,64,64,0,0,142,4,254,0,,30_254_33_255
,Cake,263,0,0,,30,26,64,64,0,0,148,4,254,0,,30_254_33_255
,Cake,263,0,0,,30,26,64,64,0,0,166,4,254,0,,30_254_33_255
,Cake,263,0,0,,30,26,64,64,0,0,3,4,254,0,,30_254_33_255
,Cake,263,0,0,,30,26,64,64,0,0,135,4,254,0,,30_254_33_255
,Cake,263,0,0,,30,26,64,64,0,0,136,4,254,0,,30_254_33_255
,Cake,263,0,0,,30,26,64,64,0,0,168,4,254,0,,30_254_33_255
,Cake,263,0,0,,30,26,64,64,0,0,167,4,254,0,,30_254_33_255
,Cake,263,0,0,,30,26,64,64,0,0,159,4,254,0,,30_254_33_255
,Cake,263,0,0,,30,26,64,64,0,0,140,4,254,0,,30_254_33_255
,Cake,263,0,0,,30,26,64,64,0,0,139,4,254,0,,30_254_33_255
,Cake,263,0,0,,30,26,64,64,0,0,175,4,254,0,,30_254_33_255
,Cake,263,0,0,,30,26,64,64,0,0,174,4,254,0,,30_254_33_255
,Cake,263,0,0,,30,26,64,64,0,0,5,4,254,0,,30_254_33_255
,Cake,263,0,0,,30,26,64,64,0,0,6,4,254,0,,30_254_33_255
,All,264,5,65,,4,2,64,64,0,0,0,4,0,0,,
,All,264,5,65,,4,2,64,64,0,0,0,7,0,0,,
,Music,265,0,0,,39,35,64,64,0,0,9,4,0,0,,30_254_33_255
,Music,265,0,1,,39,35,64,64,0,0,11,4,0,0,,30_254_33_255
,Music,265,0,1,,39,35,64,64,0,0,10,4,0,0,,30_254_33_255
,Music,265,0,1,,39,35,64,64,0,0,1,4,0,0,,30_254_33_255
,Music,265,0,1,,39,35,64,64,0,0,5,4,0,0,,30_254_33_255
,Music,265,0,1,,39,35,64,64,0,0,8,4,0,0,,30_254_33_255
,Music,265,0,1,,39,35,64,64,0,0,4,4,0,0,,30_254_33_255
,Music,265,0,1,,39,35,64,64,0,0,2,4,0,0,,30_254_33_255
,Music,265,0,1,,39,35,64,64,0,0,16,4,0,0,,30_254_33_255
,Music,265,0,1,,39,35,64,64,0,0,6,4,0,0,,30_254_33_255
,Music,265,0,1,,39,35,64,64,0,0,15,4,0,0,,30_254_33_255
,Music,265,0,1,,39,35,64,64,0,0,7,4,0,0,,30_254_33_255
,Music,265,0,1,,39,35,64,64,0,0,13,4,0,0,,30_254_33_255
,Jungle,266,0,0,,34,32,64,64,0,0,0,4,0,0,,30_254_33_255
,Music,266,0,0,,40,36,64,64,0,0,0,4,0,0,,30_254_33_255
,Mountain,266,0,0,,33,28,64,64,0,0,0,4,0,0,,30_254_33_255
,Image,266,0,0,,33,31,64,64,0,0,0,4,0,0,,30_254_33_255
,Cave,266,0,0,,46,41,64,64,0,0,0,4,0,0,,30_254_33_255
,Cake,266,0,0,,34,30,64,64,0,0,0,4,0,0,,30_254_33_255
,Jungle,267,0,1,,34,32,64,64,0,0,0,4,254,0,,30_254_33_255
,Music,267,0,1,,40,36,64,64,0,0,0,4,254,0,,30_254_33_255
,Mountain,267,0,1,,33,28,64,64,0,0,0,4,254,0,,30_254_33_255
,Image,267,0,1,,33,31,64,64,0,0,0,4,254,0,,30_254_33_255
,Cave,267,0,1,,46,41,64,64,0,0,0,4,254,0,,30_254_33_255
,Cake,267,0,1,,34,30,64,64,0,0,0,4,254,0,,30_254_33_255
,Jungle,268,0,0,,35,33,64,64,0,0,15,4,0,0,,30_254_33_255
,Music,268,0,0,,41,37,64,64,0,0,20,4,0,0,,30_254_33_255
,Mountain,268,0,0,,34,29,64,64,0,0,15,4,0,0,,30_254_33_255
,Mountain,268,0,0,,34,29,64,64,0,0,20,4,0,0,,30_254_33_255
,Image,268,0,0,,34,32,64,64,0,0,15,4,0,0,,30_254_33_255
,Image,268,0,0,,34,32,64,64,0,0,10,4,0,0,,30_254_33_255
,Cave,268,0,0,,47,42,64,64,0,0,20,4,0,0,,30_254_33_255
,Cake,268,0,0,,35,31,64,64,0,0,20,4,0,0,,30_254_33_255
,Cake,268,0,0,,35,31,64,64,0,0,15,4,0,0,,30_254_33_255
,Jungle,269,0,0,,36,34,136,200,0,0,771,4,0,0,,
,Jungle,269,0,0,,36,34,136,200,0,0,1799,4,0,0,,
,Music,269,0,0,,42,38,136,200,0,0,2570,4,0,0,,
,Music,269,0,0,,42,38,136,200,0,0,1028,4,0,0,,
,Mountain,269,0,0,,35,30,136,200,0,0,2056,4,0,0,,
,Mountain,269,0,0,,35,30,136,200,0,0,514,4,0,0,,
,Image,269,0,0,,35,33,136,200,0,0,2313,4,0,0,,
,Image,269,0,0,,35,33,136,200,0,0,1542,4,0,0,,
,Cave,269,0,0,,49,44,136,200,0,0,0,4,0,0,,
,Cave,269,0,0,,49,44,136,200,0,0,2827,4,0,0,,
,Cake,269,0,0,,37,32,136,200,0,0,257,4,0,0,,
,Cake,269,0,0,,37,32,136,200,0,0,1285,4,0,0,,
,Jungle,269,0,10,,36,34,64,80,0,0,0,4,0,0,,
,Music,269,0,10,,42,38,64,80,0,0,0,4,0,0,,
,Mountain,269,0,10,,35,30,64,80,0,0,0,4,0,0,,
,Image,269,0,10,,35,33,64,80,0,0,0,4,0,0,,
,Cave,269,0,10,,49,44,64,80,0,0,0,4,0,0,,
,Cake,269,0,10,,37,32,64,80,0,0,0,4,0,0,,
,Jungle,269,0,24,,36,34,136,200,0,0,0,4,254,0,11_7,2_10_23_0_11_0_5_20_2_10_23_1_33_255
,Jungle,269,0,24,,36,34,136,200,0,0,0,4,254,0,11_7,2_10_23_0_11_0_5_16_2_10_23_1_33_255
,Music,269,0,24,,42,38,136,200,0,0,0,4,254,0,11_7,2_10_23_0_11_0_5_17_2_10_23_1_33_255
,Music,269,0,24,,42,38,136,200,0,0,0,4,254,0,11_7,2_10_23_0_11_0_5_18_2_10_23_1_33_255
,Mountain,269,0,24,,35,30,136,200,0,0,0,4,254,0,11_7,2_10_23_0_11_0_5_19_2_10_23_1_33_255
,Mountain,269,0,24,,35,30,136,200,0,0,0,4,254,0,11_7,2_10_23_0_11_0_5_12_2_10_23_1_33_255
,Image,269,0,24,,35,33,136,200,0,0,0,4,254,0,11_7,2_10_23_0_11_0_5_11_2_10_23_1_33_255
,Image,269,0,24,,35,33,136,200,0,0,0,4,254,0,11_7,2_10_23_0_11_0_5_15_2_10_23_1_33_255
,Cave,269,0,24,,49,44,136,200,0,0,0,4,254,0,11_7,2_10_23_0_11_0_5_14_2_10_23_1_33_255
,Cake,269,0,24,,37,32,136,200,0,0,0,4,254,0,11_7,2_10_23_0_11_0_5_23_2_10_23_1_33_255
,Cake,269,0,24,,37,32,136,200,0,0,0,4,254,0,11_7,2_10_23_0_11_0_5_13_2_10_23_1_33_255
,Cave,269,0,25,,49,44,136,200,0,0,0,4,254,0,11_7,2_10_23_0_11_0_5_22_2_10_23_1_33_255
,Jungle,270,0,9,,37,35,148,128,0,0,3855,4,0,0,,
,Jungle,270,0,9,,37,35,148,128,0,0,4883,4,0,0,,
,Music,270,0,9,,43,39,148,128,0,0,5654,4,0,0,,
,Music,270,0,9,,43,39,148,128,0,0,4112,4,0,0,,
,Mountain,270,0,9,,36,31,148,128,0,0,3598,4,0,0,,
,Mountain,270,0,9,,36,31,148,128,0,0,5140,4,0,0,,
,Mountain,270,0,9,,36,31,148,128,0,0,6168,4,0,0,,
,Image,270,0,9,,36,34,148,128,0,0,5397,4,0,0,,
,Image,270,0,9,,36,34,148,128,0,0,4626,4,0,0,,
,Cave,270,0,9,,50,45,148,128,0,0,3084,4,0,0,,
,Cave,270,0,9,,50,45,148,128,0,0,5911,4,0,0,,
,Cake,270,0,9,,38,33,148,128,0,0,3341,4,0,0,,
,Cake,270,0,9,,38,33,148,128,0,0,4369,4,0,0,,
,Cave,271,0,0,,48,43,64,80,0,0,0,4,0,0,,
,Cave,271,0,1,,48,43,64,80,0,0,0,4,0,0,,
,Cave,271,0,2,,48,43,64,80,0,0,0,4,0,0,,
,Cave,271,0,3,,48,43,64,80,0,0,0,4,0,0,,
,Cave,271,0,4,,48,43,64,80,0,0,0,4,0,0,,
,Cave,271,0,5,,48,43,64,80,0,0,0,4,0,0,,
,Cave,271,0,9,,48,43,64,80,0,0,0,4,0,0,,
,Cave,271,0,10,,48,43,64,80,0,0,0,4,0,0,,
,Cave,271,0,11,,48,43,64,80,0,0,0,4,0,0,,
,Cave,272,0,6,,48,43,64,80,0,0,1285,4,0,0,,
,Cave,272,0,6,,48,43,64,80,0,0,257,4,0,0,,
,Cave,272,0,6,,48,43,64,80,0,0,771,4,0,0,,
,Cave,272,0,7,,48,43,133,160,0,0,1285,4,0,0,,
,Cave,272,0,7,,48,43,133,160,0,0,771,4,0,0,,
,Cave,272,0,7,,48,43,133,160,0,0,257,4,0,0,,
,Cave,272,0,8,,48,43,133,160,0,0,257,4,0,0,,
,Cave,272,0,8,,48,43,133,160,0,0,771,4,0,0,,
,Cave,272,0,8,,48,43,133,160,0,0,1285,4,0,0,,
,Cave,272,0,12,,48,43,64,80,0,0,771,4,0,0,,
,Cave,272,0,12,,48,43,64,80,0,0,257,4,0,0,,
,Cave,272,0,12,,48,43,64,80,0,0,1285,4,0,0,,
,Cake,273,0,0,,39,34,64,115,0,0,0,4,0,0,,
,Cake,273,0,0,,39,34,64,115,0,0,1,4,0,0,,
,Cake,273,0,1,,39,34,64,103,0,0,1,4,0,0,,
,Cake,273,0,1,,39,34,64,103,0,0,0,4,0,0,,
,All,275,8,12,,2,1,64,64,0,0,1,4,0,0,,2_254_33_255
